año,mes,produccion_t_dulce,T2M,T2M_MAX,WS2M,PRECTOTCORR,RH2M,num_emergencias,personas_afectadas,personas_damnificadas,total_afectados,hectareas_cultivo_perdidas,hectareas_cultivo_afectadas,avg_sentiment,n_noticias
2016,1,242.4,19.168,27.6038,1.1552,2.2801,76.1852,2.32,16.7207,24.2761,40.9968,5.1436,16.4041,0.0,0
2016,2,335.228,18.4495,26.0817,1.2139,4.3028,82.4582,2.7891,683.0943,58.0714,741.1657,0.1798,11.5893,0.0,0
2016,3,426.75,18.5519,26.6005,1.0944,2.9678,81.5538,3.093,159.6137,8.0398,167.6535,1.9389,0.7192,-0.159,6
2016,4,545.599,18.4106,26.364,1.1266,1.5459,78.3946,3.2914,878.6822,2.4646,881.1468,0.0,0.135,0.047,30
2016,5,608.389,18.0735,25.7955,1.2072,1.1072,76.7181,1.64,12.3224,0.8589,13.1813,0.0,0.0,0.0621,24
2016,6,598.62,16.5966,24.6557,1.2562,0.7511,74.5822,1.0322,417.7884,2.1479,419.9363,0.0,78.4286,-0.1251,21
2016,7,462.117,16.9699,24.6731,1.3083,1.0056,69.8834,0.7787,655.9776,0.9615,656.9391,19.5151,0.0,0.2295,14
2016,8,350.018,17.6904,25.7045,1.4016,0.6113,70.4635,0.5464,33.9455,5.1339,39.0794,0.0,0.0,0.2344,20
2016,9,334.55,18.0457,26.9722,1.3953,0.8317,70.6727,1.5357,51.9121,114.0927,166.0049,0.0,0.0,0.1723,31
2016,10,259.93,18.278,27.1572,1.2579,1.5043,71.4262,1.9751,18.6154,24.8404,43.4559,0.0557,14.6127,0.2301,26
2016,11,195.55,18.5878,27.32,1.1802,1.0336,70.3614,1.7488,39.557,8.8543,48.4113,0.1218,0.1218,0.086,25
2016,12,135.7,17.8248,25.7139,1.1307,2.4619,78.536,0.5361,20.9404,0.2498,21.1902,122.8904,376.755,-0.2092,22
2017,1,256.05,17.3197,25.4816,1.1497,3.1974,80.7328,2.7554,2389.1574,49.3109,2438.4683,67.5433,13.8166,-0.2464,16
2017,2,361.82,17.6171,25.0677,1.0849,3.243,81.2936,3.4841,1607.7634,222.9288,1830.6921,4.3743,18.7605,-0.0659,36
2017,3,426.879,17.4141,24.21,1.0886,3.2143,83.3106,8.8693,1693.397,748.32,2441.717,59.28,165.5691,-0.1232,42
2017,4,585.089,17.5726,24.8199,1.1236,1.7631,81.4879,2.6695,231.7983,21.8215,253.6198,0.4718,25.8732,-0.2017,33
2017,5,571.519,17.4934,24.8366,1.0924,1.6732,80.9605,0.9797,66.827,0.9154,67.7423,0.8367,4.1188,0.1306,53
2017,6,630.728,17.0285,24.7491,1.1691,0.9324,77.2668,0.5407,267.8083,0.6655,268.4738,0.0557,0.7609,0.1383,29
2017,7,477.57,16.3954,25.0431,1.368,0.3585,71.9594,0.944,1037.793,2.1208,1039.9138,0.0,0.0818,0.0226,31
2017,8,390.49,17.6162,26.3094,1.3054,0.732,71.19,1.4381,47.9393,4.1639,52.1032,0.0892,8.1215,0.0736,34
2017,9,386.06,18.0586,26.8654,1.401,0.976,72.2263,2.4781,34.339,13.4873,47.8264,0.1654,0.0,0.0713,39
2017,10,334.08,18.2745,27.0139,1.2941,2.2168,73.8703,1.9377,26.455,1.0067,27.4617,0.0,1.5907,0.0624,29
2017,11,254.95,17.9117,26.2851,1.0856,2.4708,76.9083,0.8494,22.9664,5.2529,28.2193,0.704,1.1104,0.1775,31
2017,12,199.1,17.8996,26.779,1.1071,1.8671,78.2532,2.2523,5.4469,13.8405,19.2873,0.0123,0.0818,0.1317,31
2018,1,279.0,17.1037,25.4157,1.0958,2.7439,81.1121,2.7776,67.7688,19.8401,87.6089,0.0041,0.0041,0.2431,31
2018,2,379.91,17.4225,25.1206,1.0469,3.262,81.7599,0.6665,6.8461,6.8385,13.6846,0.0,0.0242,0.0165,26
2018,3,468.43,17.3689,24.0213,1.1489,2.7216,83.093,1.8047,48.0318,38.028,86.0598,0.0323,1.704,0.0505,25
2018,4,616.059,17.0763,24.2519,1.0456,2.1312,80.2935,3.1043,242.9674,34.4854,277.4528,0.0072,0.1464,0.0877,23
2018,5,608.329,17.2238,24.4943,1.0975,1.4538,79.0349,3.8423,56.0641,9.7454,65.8095,0.0,0.0,0.0227,26
2018,6,605.63,16.2427,24.1436,1.2696,0.6222,76.254,4.0419,728.2467,0.3659,728.6126,0.0,1.1095,0.0866,18
2018,7,490.71,16.4059,24.8848,1.3339,0.6459,72.5776,0.5933,4.6487,0.4254,5.0741,0.0,0.0,-0.1665,17
2018,8,414.129,16.668,24.6663,1.4006,1.6534,74.0932,2.24,72.754,4.6443,77.3983,0.0,0.0,0.1084,26
2018,9,390.439,17.9116,26.156,1.3441,0.7212,69.9447,3.7559,54.7114,0.7899,55.5013,0.0,0.0,0.2745,20
2018,10,311.92,17.9666,26.3088,1.1998,1.78,75.2935,3.4247,213.7462,14.1341,227.8803,0.0,10.9177,0.2326,22
2018,11,192.5,18.3393,26.0251,1.1338,1.7112,77.3358,2.5119,27.8885,6.837,34.7255,0.2261,0.1738,0.1474,20
2018,12,164.9,18.0105,26.5787,1.2668,2.1005,76.5162,1.8619,74.8461,62.3397,137.1858,0.0,0.0,0.1796,20
2019,1,265.8,17.8544,25.9587,1.3021,2.4042,79.81,0.831,140.6986,1.5379,142.2365,0.1114,0.1114,0.0846,33
2019,2,370.13,17.9263,24.9497,1.1192,2.4231,81.3958,2.2425,256.5139,42.1717,298.6857,17.8875,20.7206,0.0034,31
2019,3,520.22,17.912,25.1009,1.1529,2.6534,81.222,4.6932,568.5551,435.3597,1003.9148,22.3827,103.0844,0.0198,23
2019,4,614.86,18.1753,26.2827,1.112,2.0363,78.8165,3.1913,30.9253,7.4508,38.3761,0.9755,1.2853,0.2209,22
2019,5,581.64,17.9864,26.1285,1.1674,0.9626,77.1486,2.4463,59.544,3.6905,63.2346,21.096,17.614,0.0958,23
2019,6,523.8,17.3249,25.7528,1.3259,1.2523,73.0813,0.3412,13.1668,0.182,13.3488,0.1456,0.8552,0.119,9
2019,7,455.3,17.0058,25.9761,1.3467,1.1293,73.0604,1.0297,243.6511,3.4912,247.1423,43.6682,3.4093,0.2805,15
2019,8,362.82,17.2375,25.9957,1.4903,0.5084,66.7059,0.2712,10.2028,6.8032,17.006,6.6115,8.2577,0.3547,14
2019,9,333.009,18.4484,26.9697,1.4935,1.0362,70.2627,0.7648,56.622,2.1743,58.7963,0.0,0.0,0.2335,15
2019,10,300.25,18.0777,26.5107,1.3504,1.7924,72.8183,1.4184,6.7175,26.7852,33.5027,1.2145,1.1543,0.2691,12
2019,11,181.5,18.1802,26.3624,1.2011,3.2719,76.9987,0.5841,7.0059,1.0053,8.0112,0.0,0.0,0.0087,8
2019,12,166.3,17.7477,24.8749,1.2167,4.0232,82.6921,2.4849,8.6507,9.3922,18.0429,0.0626,0.5895,0.0861,18
2020,1,250.05,18.2523,26.7391,1.2361,1.7587,78.7397,5.5276,67.782,27.2822,95.0642,0.6144,8.0188,0.1904,17
2020,2,361.089,18.3915,25.8555,1.1951,2.1096,80.3054,5.2257,41.3897,14.7455,56.1352,5.182,0.5349,0.1154,15
2020,3,529.73,18.3077,26.1328,1.1282,2.4464,78.6208,3.2466,24.708,6.5413,31.2493,4.9079,3.6105,0.0337,15
2020,4,560.589,18.1089,26.1875,1.1425,1.5757,77.5502,1.3522,12.3764,0.5271,12.9034,167.7221,95.8898,-0.0336,12
2020,5,573.589,17.7841,26.5143,1.1804,1.5072,74.1593,1.0371,6.673,13.6254,20.2985,4.7961,4.2878,0.1358,16
2020,6,541.168,17.6026,25.6957,1.1924,2.2565,75.8496,0.214,15.3358,0.0081,15.3439,6.2749,8.8842,0.0552,19
2020,7,426.159,16.9171,24.8594,1.1912,1.6149,75.4873,1.7276,252.9416,3.1298,256.0714,1.0801,1.7907,0.177,13
2020,8,334.819,17.8275,26.745,1.2962,0.4707,69.3629,1.2324,69.7822,0.078,69.8602,14.4364,17.594,-0.0208,6
2020,9,322.48,18.223,26.5719,1.3881,0.8002,72.451,3.2084,31.9965,9.4585,41.455,0.5948,0.795,0.0121,13
2020,10,291.559,18.7288,27.8024,1.3949,1.1781,70.3667,3.5679,247.9708,13.9351,261.9058,0.2473,2.0848,0.2178,9
2020,11,182.22,18.4963,27.1699,1.1031,1.4641,73.0036,2.0908,34.3096,8.1521,42.4617,24.889,56.2953,0.1826,11
2020,12,180.68,17.8938,25.6268,1.148,3.1097,80.2134,1.8359,29.181,3.0354,32.2164,4.6459,6.2415,0.182,15
2021,1,266.33,17.3398,23.7584,1.1993,4.7035,83.0972,9.5186,57.4815,7.2093,64.6908,4.8391,33.7737,0.0698,13
2021,2,379.86,17.8914,26.4875,1.0784,1.6768,78.9786,6.3262,252.9679,96.2861,349.254,45.0351,57.9744,0.0593,19
2021,3,542.569,17.2031,24.1418,1.0885,3.1245,82.3796,8.3469,258.4215,53.2282,311.6496,27.6466,23.0936,0.1328,21
2021,4,600.29,17.3429,24.8117,1.1454,2.44,81.8845,6.2728,182.1831,14.0355,196.2185,7.5281,0.5108,0.136,19
2021,5,596.04,17.4264,25.2801,1.2001,0.9844,77.0159,2.6433,13.6699,5.714,19.3839,0.2277,0.2596,0.0378,23
2021,6,537.03,17.0072,24.69,1.1665,1.2189,76.7137,1.6993,114.0262,0.8563,114.8826,5.65,0.7888,0.2552,23
2021,7,413.23,16.8067,25.0972,1.3513,0.4365,70.8305,1.1641,298.5247,8.757,307.2817,0.0013,0.0021,0.2466,11
2021,8,353.319,17.6697,26.5912,1.3243,0.5936,69.6221,2.5808,124.8582,1.8396,126.6978,1.4845,4.9899,0.2062,19
2021,9,333.16,18.0833,26.5689,1.4086,0.7824,70.0872,5.5117,120.4704,8.2541,128.7246,2.0636,8.5212,0.0838,21
2021,10,283.819,18.8283,28.0091,1.3125,1.3047,72.3135,4.5719,46.4608,44.2785,90.7393,0.6106,1.4643,0.1508,11
2021,11,213.94,18.0178,25.8423,1.1298,2.1457,75.6406,2.3346,45.1126,6.2789,51.3914,0.0847,2.4606,0.104,14
2021,12,205.93,18.2203,26.4574,1.1383,2.258,77.1049,3.6246,40.9544,35.0148,75.9692,36.3235,45.3182,0.2177,16
2022,1,299.57,18.0244,27.5023,1.2143,1.7063,76.0378,3.6459,28.2233,20.4788,48.702,0.1715,0.4345,0.1485,18
2022,2,408.91,17.4766,25.3713,1.1806,2.7232,80.7078,6.8348,35.5693,3.4051,38.9743,0.2434,0.5846,0.1212,17
2022,3,574.79,17.3509,24.7877,1.0718,2.8992,81.7725,8.2108,183.746,89.8633,273.6092,63.2286,30.7371,0.0169,26
2022,4,636.74,17.5754,25.2244,1.1749,2.2486,79.7718,4.4882,168.2254,13.481,181.7064,4.148,2.4627,0.1029,11
2022,5,619.3,17.2194,24.766,1.1448,1.2767,77.442,2.9836,33.3186,20.5092,53.8278,11.5314,8.073,0.0422,24
2022,6,552.96,16.3495,24.7364,1.1434,0.976,74.7918,2.5241,661.4521,3.6235,665.0756,3.6251,7.2389,0.0514,18
2022,7,420.22,17.3242,25.4385,1.2404,0.8418,72.1448,1.855,100.9734,2.0323,103.0058,2.0382,3.3061,0.15,16
2022,8,349.54,17.3209,26.0277,1.356,0.6704,68.7947,2.1982,83.7851,4.8342,88.6193,1.2049,1.4617,0.0539,16
2022,9,301.21,18.3003,26.7498,1.308,0.3538,69.4565,2.2546,25.9888,12.9437,38.9324,0.9897,38.2399,0.193,23
2022,10,284.08,18.4954,27.7229,1.2187,1.0319,70.3882,2.4368,46.4294,68.5822,115.0116,0.2762,0.7023,-0.0394,18
2022,11,205.78,18.3753,27.5647,1.2354,1.2029,67.6882,3.0143,53.6984,12.8794,66.5778,32.7841,55.2915,0.1874,21
2022,12,223.69,18.1066,26.7646,1.2076,1.2595,73.2244,1.2298,14.9403,4.2504,19.1907,0.2986,0.4464,-0.2075,20
2023,1,296.48,17.5568,25.7098,1.1207,3.0032,77.8499,3.4678,26.2348,8.5016,34.7365,0.1119,5.2844,0.0819,27
2023,2,420.539,17.8538,25.2779,1.2201,2.1396,80.0894,10.1892,87.674,37.5232,125.1972,21.6264,35.5989,0.085,33
2023,3,577.94,17.6286,25.3258,1.0852,3.0992,82.1247,14.6334,1851.1714,863.7454,2714.9168,237.349,150.5981,-0.0202,41
2023,4,663.15,17.8687,25.577,1.0421,2.2389,80.4589,6.1579,469.4512,236.0471,705.4983,267.5779,199.5851,0.1596,28
2023,5,602.79,18.1968,25.9162,1.1522,1.342,77.3714,5.991,100.3218,51.1882,151.51,16.0326,10.877,0.0875,27
2023,6,567.439,17.4637,25.2749,1.2311,0.4869,72.3075,2.9184,70.2479,16.7644,87.0123,7.754,11.6732,0.0473,21
2023,7,414.809,18.3375,26.2196,1.3309,0.9748,70.8689,1.8211,36.1848,15.218,51.4028,14.3282,17.3382,-0.0548,27
2023,8,328.31,18.7982,27.7386,1.2932,0.3925,68.9258,2.3485,38.2823,6.5925,44.8748,9.2236,25.0545,-0.0313,32
2023,9,315.879,19.4035,27.7435,1.4031,0.6421,68.2421,7.9259,139.7956,23.7287,163.5243,12.583,31.2121,-0.1336,29
2023,10,259.77,19.9152,28.4627,1.397,1.1335,70.4567,6.2224,87.2935,22.4746,109.7681,4.1354,11.7371,0.1047,19
2023,11,206.38,19.4863,27.8812,1.3492,1.5706,73.0423,4.0038,36.2844,30.782,67.0664,10.1415,17.9739,-0.0729,26
2023,12,224.3,18.8584,26.5803,1.2512,2.7227,78.635,2.8747,56.1084,19.4839,75.5924,4.2852,14.9143,-0.0558,28
2024,1,322.41,19.3726,27.6309,1.3153,2.0315,77.925,2.5871,94.9299,7.4012,102.3311,12.2556,21.7484,-0.2176,42
2024,2,444.66,19.2022,28.0947,1.334,3.1008,77.7622,7.4417,271.5697,30.0382,301.6079,99.2271,128.2545,-0.0091,35
2024,3,626.2,19.102,27.2328,1.2496,1.8765,78.1208,9.3648,299.1173,45.1526,344.2699,156.8848,233.2,0.1739,30
2024,4,675.798,19.0986,26.9029,1.1461,1.5174,78.0914,5.9594,221.4921,19.5594,241.0515,8.5148,5.3687,0.1449,33
2024,5,650.529,18.9917,27.1262,1.2096,1.7652,75.9608,4.0855,88.7122,18.1362,106.8484,0.0416,0.1123,0.1368,36
2024,6,616.329,18.0632,26.1972,1.1717,1.1112,71.8752,3.8856,173.7415,15.2458,188.9873,6.9299,12.8919,0.1853,30
2024,7,454.679,17.4913,25.8615,1.3345,0.577,70.5974,1.327,146.5899,3.6167,150.2065,1.059,4.0378,0.2425,29
2024,8,382.099,18.3494,26.6972,1.3434,0.5392,68.6147,3.8855,897.8743,9.7791,907.6534,7.8243,13.6454,0.0643,37
2024,9,439.59,19.119,27.5515,1.3784,0.5469,69.432,5.8217,1585.0199,55.0249,1640.0448,64.1675,315.6183,0.1815,32
2024,10,294.14,19.4344,27.9537,1.3093,1.2104,70.5239,6.2252,106.2401,44.5397,150.7798,8.0301,1.5212,0.0639,28
2024,11,229.4,18.7175,27.6314,1.1836,1.8646,73.3699,3.6769,151.7274,12.6426,164.37,13.8306,23.6103,0.1562,44
2024,12,243.65,18.7403,26.822,1.2483,2.0412,76.5372,3.907,367.4971,17.9269,385.424,47.1776,317.533,0.0627,40
2025,1,337.94,18.2715,25.8779,1.2232,2.0501,77.388,7.852,99.6529,41.7354,141.3882,0.0101,0.6457,0.0014,41
2025,2,474.59,18.028,25.9519,1.147,5.0314,81.7433,17.0637,1821.7882,251.8578,2073.6459,17.2819,24.637,0.1534,39
2025,3,658.42,17.6266,24.507,1.052,4.2127,85.0036,14.9054,3336.2121,551.1499,3887.362,189.2484,43.6819,0.2221,42
2025,4,730.43,17.6381,24.6107,1.0898,2.1409,84.3086,10.3303,1303.6515,418.5613,1722.2128,12.4891,3.2542,0.0438,34
2025,5,684.6,17.4811,24.5247,1.1724,1.5372,80.2779,3.1639,236.1624,24.6366,260.7991,0.207,0.7254,0.2216,28
2025,6,655.17,16.8125,24.3223,1.1688,2.7814,81.3595,2.0752,66.4325,7.6676,74.1001,0.0,0.0,0.2106,48
2025,7,495.03,16.41,24.6663,1.3445,0.3696,72.5888,1.283,36.2426,7.3566,43.5992,1.3808,1.8056,0.1837,42
2025,8,415.32,17.552,25.8026,1.3338,0.7725,72.7217,2.3646,387.8738,2.0865,389.9603,0.7768,1.0383,0.2639,40
2025,9,374.23,18.3513,26.2547,1.4355,1.1869,72.1321,4.6079,75.8712,9.2858,85.1569,0.1716,0.1292,0.2483,29
2025,10,302.72,18.0928,26.3858,1.2722,1.766,76.1423,5.1196,64.5811,9.9813,74.5624,0.2126,0.0,0.2223,21
2025,11,228.65,18.4041,26.1814,1.1583,1.8544,77.2284,3.4844,79.6739,5.9162,85.5902,0.0,0.7416,0.1775,16
2025,12,256.5,18.4209,27.3863,1.1022,0.6812,72.724,2.2501,16.9389,5.8678,22.8067,0.6308,2.4333,0.1823,30
