año,mes,produccion_t_sutil,mes_sin,mes_cos,t_index,produccion_t_sutil_lag1,produccion_t_sutil_lag3,produccion_t_sutil_lag6,T2M_lag1,T2M_lag3,T2M_lag6,T2M_MAX_lag1,T2M_MAX_lag3,T2M_MAX_lag6,WS2M_lag1,WS2M_lag3,WS2M_lag6,PRECTOTCORR_lag1,PRECTOTCORR_lag3,PRECTOTCORR_lag6,RH2M_lag1,RH2M_lag3,RH2M_lag6,num_emergencias_lag1,num_emergencias_lag3,num_emergencias_lag6,personas_afectadas_lag1,personas_afectadas_lag3,personas_afectadas_lag6,personas_damnificadas_lag1,personas_damnificadas_lag3,personas_damnificadas_lag6,total_afectados_lag1,total_afectados_lag3,total_afectados_lag6,hectareas_cultivo_perdidas_lag1,hectareas_cultivo_perdidas_lag3,hectareas_cultivo_perdidas_lag6,hectareas_cultivo_afectadas_lag1,hectareas_cultivo_afectadas_lag3,hectareas_cultivo_afectadas_lag6,avg_sentiment_lag1,avg_sentiment_lag3,avg_sentiment_lag6,n_noticias_lag1,n_noticias_lag3,n_noticias_lag6
2016,7,19004.429,-0.4999999999999997,-0.8660254037844388,0,19563.201,29557.581,21087.238,23.9892,26.307,26.5508,34.0482,34.9164,35.8074,2.8356,2.456,2.8574,0.5756,1.2223,1.1717,67.3999,67.5206,66.9046,0.8559,1.219,0.745,324.8911,715.1912,61.4837,6.9994,24.4275,23.8287,331.8905,739.6187,85.3124,0.8192,151.3629,3.147,63.2367,4.4051,13.1855,-0.1251,0.047,0.0,21.0,30.0,0.0
2016,8,20689.074,-0.8660254037844385,-0.5000000000000004,1,19004.429,26308.062,26667.599,23.7051,25.5834,26.9074,33.3053,34.7801,35.4818,2.9465,2.6478,2.5734,0.58,0.7098,3.0401,66.5556,65.9071,70.1441,0.4795,0.566,3.9225,501.2254,61.8854,1660.4778,56.3325,0.5421,79.6509,557.5579,62.4275,1740.1287,13.6952,0.0784,4.7676,1.4927,0.3676,95.5205,0.2295,0.0621,0.0,14.0,24.0,0.0
2016,9,17913.787,-1.0,-1.8369701987210297e-16,2,20689.074,19563.201,29075.854,23.9505,23.9892,26.7818,35.0133,34.0482,35.7099,3.175,2.8356,2.0925,0.4593,0.5756,2.7192,64.3729,67.3999,70.7127,0.7836,0.8559,7.8306,34.1153,324.8911,14714.0112,6.1154,6.9994,582.4203,40.2306,331.8905,15296.4316,0.0044,0.8192,14.6267,0.0343,63.2367,1942.3063,0.2344,-0.1251,-0.159,20.0,21.0,6.0
2016,10,20532.169,-0.8660254037844386,0.5000000000000001,3,17913.787,19004.429,29557.581,24.2544,23.7051,26.307,33.7322,33.3053,34.9164,3.1176,2.9465,2.456,0.6437,0.58,1.2223,63.269,66.5556,67.5206,0.7771,0.4795,1.219,65.0319,501.2254,715.1912,68.4118,56.3325,24.4275,133.4438,557.5579,739.6187,4.2656,13.6952,151.3629,20.6672,1.4927,4.4051,0.1723,0.2295,0.047,31.0,14.0,30.0
2016,11,21609.215,-0.5000000000000004,0.8660254037844384,4,20532.169,20689.074,26308.062,23.943,23.9505,25.5834,33.2854,35.0133,34.7801,3.0489,3.175,2.6478,0.9975,0.4593,0.7098,64.5406,64.3729,65.9071,0.4357,0.7836,0.566,20.9868,34.1153,61.8854,10.4267,6.1154,0.5421,31.4134,40.2306,62.4275,1.4891,0.0044,0.0784,6.4492,0.0343,0.3676,0.2301,0.2344,0.0621,26.0,20.0,24.0
2016,12,16714.142,-2.4492935982947064e-16,1.0,5,21609.215,17913.787,19563.201,23.9465,24.2544,23.9892,33.6133,33.7322,34.0482,2.8992,3.1176,2.8356,0.9854,0.6437,0.5756,64.5631,63.269,67.3999,0.601,0.7771,0.8559,62.4855,65.0319,324.8911,6.5354,68.4118,6.9994,69.0209,133.4438,331.8905,8.7441,4.2656,0.8192,32.5982,20.6672,63.2367,0.086,0.1723,-0.1251,25.0,31.0,21.0
2017,1,18255.799,0.49999999999999994,0.8660254037844387,6,16714.142,20532.169,19004.429,24.7823,23.943,23.7051,33.1378,33.2854,33.3053,2.7378,3.0489,2.9465,1.4683,0.9975,0.58,67.1215,64.5406,66.5556,0.7452,0.4357,0.4795,9.6621,20.9868,501.2254,0.4481,10.4267,56.3325,10.1102,31.4134,557.5579,24.882,1.4891,13.6952,82.3258,6.4492,1.4927,-0.2092,0.2301,0.2295,22.0,26.0,14.0
2017,2,19416.765,0.8660254037844386,0.5000000000000001,7,18255.799,21609.215,20689.074,25.337,23.9465,23.9505,33.2976,33.6133,35.0133,2.3779,2.8992,3.175,3.0315,0.9854,0.4593,70.7225,64.5631,64.3729,9.6585,0.601,0.7836,9433.4123,62.4855,34.1153,2080.8123,6.5354,6.1154,11514.2246,69.0209,40.2306,5.9236,8.7441,0.0044,86.8639,32.5982,0.0343,-0.2464,0.086,0.2344,16.0,25.0,20.0
2017,3,16544.593,1.0,6.123233995736766e-17,8,19416.765,16714.142,17913.787,25.4714,24.7823,24.2544,33.1869,33.1378,33.7322,1.909,2.7378,3.1176,5.7112,1.4683,0.6437,77.3579,67.1215,63.269,12.2505,0.7452,0.7771,8150.0622,9.6621,65.0319,2003.1473,0.4481,68.4118,10153.2095,10.1102,133.4438,13.412,24.882,4.2656,109.2401,82.3258,20.6672,-0.0659,-0.2092,0.1723,36.0,22.0,31.0
2017,4,19077.381,0.8660254037844387,-0.4999999999999998,9,16544.593,18255.799,20532.169,24.9006,25.337,23.943,31.8261,33.2976,33.2854,1.6083,2.3779,3.0489,10.4812,3.0315,0.9975,83.4244,70.7225,64.5406,33.4069,9.6585,0.4357,37270.0954,9433.4123,20.9868,21543.7315,2080.8123,10.4267,58813.8269,11514.2246,31.4134,538.5765,5.9236,1.4891,467.9961,86.8639,6.4492,-0.1232,-0.2464,0.2301,42.0,16.0,26.0
2017,5,18000.841,0.49999999999999994,-0.8660254037844387,10,19077.381,19416.765,21609.215,24.8281,25.4714,23.9465,31.5756,33.1869,33.6133,1.9309,1.909,2.8992,1.5648,5.7112,0.9854,78.741,77.3579,64.5631,6.1041,12.2505,0.601,6806.6298,8150.0622,62.4855,2424.5799,2003.1473,6.5354,9231.2097,10153.2095,69.0209,98.2432,13.412,8.7441,298.4457,109.2401,32.5982,-0.2017,-0.0659,0.086,33.0,36.0,25.0
2017,6,15051.842,1.2246467991473532e-16,-1.0,11,18000.841,16544.593,16714.142,24.0617,24.9006,24.7823,31.7404,31.8261,33.1378,2.2781,1.6083,2.7378,1.4212,10.4812,1.4683,76.5312,83.4244,67.1215,1.9168,33.4069,0.7452,6386.4419,37270.0954,9.6621,679.4462,21543.7315,0.4481,7065.8882,58813.8269,10.1102,15.9113,538.5765,24.882,45.6268,467.9961,82.3258,0.1306,-0.1232,-0.2092,53.0,42.0,22.0
2017,7,8452.017,-0.4999999999999997,-0.8660254037844388,12,15051.842,19077.381,18255.799,23.0605,24.8281,25.337,31.2141,31.5756,33.2976,2.5808,1.9309,2.3779,0.7141,1.5648,3.0315,73.9384,78.741,70.7225,0.5695,6.1041,9.6585,195.4373,6806.6298,9433.4123,0.9289,2424.5799,2080.8123,196.3662,9231.2097,11514.2246,0.281,98.2432,5.9236,15.152,298.4457,86.8639,0.1383,-0.2017,-0.2464,29.0,33.0,16.0
2017,8,4951.691,-0.8660254037844385,-0.5000000000000004,13,8452.017,18000.841,19416.765,22.5844,24.0617,25.4714,31.9424,31.7404,33.1869,2.899,2.2781,1.909,0.203,1.4212,5.7112,70.6098,76.5312,77.3579,0.1652,1.9168,12.2505,40.1839,6386.4419,8150.0622,0.7666,679.4462,2003.1473,40.9505,7065.8882,10153.2095,0.1234,15.9113,13.412,0.5993,45.6268,109.2401,0.0226,0.1306,-0.0659,31.0,53.0,36.0
2017,9,4851.691,-1.0,-1.8369701987210297e-16,14,4951.691,15051.842,16544.593,23.1069,23.0605,24.9006,32.1361,31.2141,31.8261,2.9821,2.5808,1.6083,0.5084,0.7141,10.4812,67.6761,73.9384,83.4244,0.7731,0.5695,33.4069,13.0866,195.4373,37270.0954,3.7224,0.9289,21543.7315,16.809,196.3662,58813.8269,0.0011,0.281,538.5765,8.3043,15.152,467.9961,0.0736,0.1383,-0.1232,34.0,29.0,42.0
2017,10,6007.346,-0.8660254037844386,0.5000000000000001,15,4851.691,8452.017,19077.381,23.3645,22.5844,24.8281,32.9638,31.9424,31.5756,3.1329,2.899,1.9309,0.6261,0.203,1.5648,65.4552,70.6098,78.741,0.5329,0.1652,6.1041,26.0294,40.1839,6806.6298,6.0067,0.7666,2424.5799,32.0361,40.9505,9231.2097,0.0031,0.1234,98.2432,0.0,0.5993,298.4457,0.0713,0.0226,-0.2017,39.0,31.0,33.0
2017,11,10117.125,-0.5000000000000004,0.8660254037844384,16,6007.346,4951.691,18000.841,23.7262,23.1069,24.0617,33.8819,32.1361,31.7404,3.0526,2.9821,2.2781,1.2602,0.5084,1.4212,65.7976,67.6761,76.5312,0.6079,0.7731,1.9168,4.0728,13.0866,6386.4419,0.4529,3.7224,679.4462,4.5257,16.809,7065.8882,0.0405,0.0011,15.9113,0.3929,8.3043,45.6268,0.0624,0.0736,0.1306,29.0,34.0,53.0
2017,12,22283.255,-2.4492935982947064e-16,1.0,17,10117.125,4851.691,15051.842,22.8712,23.3645,23.0605,31.5587,32.9638,31.2141,2.7876,3.1329,2.5808,1.5954,0.6261,0.7141,67.9727,65.4552,73.9384,0.4961,0.5329,0.5695,99.1565,26.0294,195.4373,6.2231,6.0067,0.9289,105.3795,32.0361,196.3662,1.3752,0.0031,0.281,1.5319,0.0,15.152,0.1775,0.0713,0.1383,31.0,39.0,29.0
2018,1,28808.101,0.49999999999999994,0.8660254037844387,18,22283.255,6007.346,8452.017,24.2594,23.7262,22.5844,32.7441,33.8819,31.9424,2.8235,3.0526,2.899,1.2025,1.2602,0.203,69.032,65.7976,70.6098,0.9237,0.6079,0.1652,5.5375,4.0728,40.1839,1.2292,0.4529,0.7666,6.7667,4.5257,40.9505,0.0252,0.0405,0.1234,0.6292,0.3929,0.5993,0.1317,0.0624,0.0226,31.0,29.0,31.0
2018,2,29894.931,0.8660254037844386,0.5000000000000001,19,28808.101,10117.125,4951.691,24.8097,22.8712,23.1069,33.3625,31.5587,32.1361,2.6549,2.7876,2.9821,1.6731,1.5954,0.5084,68.9197,67.9727,67.6761,1.6504,0.4961,0.7731,18.6842,99.1565,13.0866,5.9936,6.2231,3.7224,24.6778,105.3795,16.809,0.1393,1.3752,0.0011,0.7713,1.5319,8.3043,0.2431,0.1775,0.0736,31.0,31.0,34.0
2018,3,28418.099,1.0,6.123233995736766e-17,20,29894.931,22283.255,4851.691,25.4366,24.2594,23.3645,33.5943,32.7441,32.9638,2.3403,2.8235,3.1329,2.0188,1.2025,0.6261,68.71,69.032,65.4552,0.8506,0.9237,0.5329,78.96,5.5375,26.0294,1.3245,1.2292,6.0067,80.2846,6.7667,32.0361,0.291,0.0252,0.0031,0.7011,0.6292,0.0,0.0165,0.1317,0.0713,26.0,31.0,39.0
2018,4,26397.253,0.8660254037844387,-0.4999999999999998,21,28418.099,28808.101,6007.346,25.7331,24.8097,23.7262,33.6654,33.3625,33.8819,2.3124,2.6549,3.0526,1.6459,1.6731,1.2602,65.7661,68.9197,65.7976,1.7242,1.6504,0.6079,126.8881,18.6842,4.0728,12.7852,5.9936,0.4529,139.6733,24.6778,4.5257,0.3539,0.1393,0.0405,1.5519,0.7713,0.3929,0.0505,0.2431,0.0624,25.0,31.0,29.0
2018,5,25443.757,0.49999999999999994,-0.8660254037844387,22,26397.253,29894.931,10117.125,25.2236,25.4366,22.8712,33.7775,33.5943,31.5587,2.26,2.3403,2.7876,1.3668,2.0188,1.5954,67.0689,68.71,67.9727,1.8703,0.8506,0.4961,31.3888,78.96,99.1565,17.3747,1.3245,6.2231,48.7636,80.2846,105.3795,0.6314,0.291,1.3752,4.9621,0.7011,1.5319,0.0877,0.0165,0.1775,23.0,26.0,31.0
2018,6,24513.487,1.2246467991473532e-16,-1.0,23,25443.757,28418.099,22283.255,24.2682,25.7331,24.2594,33.5463,33.6654,32.7441,2.7091,2.3124,2.8235,1.1739,1.6459,1.2025,67.8622,65.7661,69.032,1.0524,1.7242,0.9237,49.7936,126.8881,5.5375,9.057,12.7852,1.2292,58.8506,139.6733,6.7667,0.002,0.3539,0.0252,0.7467,1.5519,0.6292,0.0227,0.0505,0.1317,26.0,25.0,31.0
2018,7,17554.156,-0.4999999999999997,-0.8660254037844388,24,24513.487,26397.253,28808.101,23.0644,25.2236,24.8097,33.4693,33.7775,33.3625,2.9289,2.26,2.6549,0.4811,1.3668,1.6731,68.4878,67.0689,68.9197,1.309,1.8703,1.6504,226.4974,31.3888,18.6842,1.0381,17.3747,5.9936,227.5355,48.7636,24.6778,0.0623,0.6314,0.1393,49.0047,4.9621,0.7713,0.0866,0.0877,0.2431,18.0,23.0,31.0
2018,8,17956.934,-0.8660254037844385,-0.5000000000000004,25,17554.156,25443.757,29894.931,22.8935,24.2682,25.4366,32.2109,33.5463,33.5943,3.0133,2.7091,2.3403,0.4401,1.1739,2.0188,67.6989,67.8622,68.71,0.6533,1.0524,0.8506,18.2345,49.7936,78.96,0.2654,9.057,1.3245,18.4999,58.8506,80.2846,0.0004,0.002,0.291,0.3763,0.7467,0.7011,-0.1665,0.0227,0.0165,17.0,26.0,26.0
2018,9,13247.538,-1.0,-1.8369701987210297e-16,26,17956.934,24513.487,28418.099,23.0426,23.0644,25.7331,33.3856,33.4693,33.6654,3.1529,2.9289,2.3124,0.6818,0.4811,1.6459,66.622,68.4878,65.7661,1.3382,1.309,1.7242,50.1115,226.4974,126.8881,3.4764,1.0381,12.7852,53.5879,227.5355,139.6733,0.0,0.0623,0.3539,0.0023,49.0047,1.5519,0.1084,0.0866,0.0505,26.0,18.0,25.0
2018,10,12761.937,-0.8660254037844386,0.5000000000000001,27,13247.538,17554.156,26397.253,23.6956,22.8935,25.2236,33.1604,32.2109,33.7775,3.1453,3.0133,2.26,0.4071,0.4401,1.3668,64.0152,67.6989,67.0689,2.3704,0.6533,1.8703,14.5021,18.2345,31.3888,0.9121,0.2654,17.3747,15.4142,18.4999,48.7636,0.0,0.0004,0.6314,0.0,0.3763,4.9621,0.2745,-0.1665,0.0877,20.0,17.0,23.0
2018,11,13177.12,-0.5000000000000004,0.8660254037844384,28,12761.937,17956.934,25443.757,23.3191,23.0426,24.2682,32.3434,33.3856,33.5463,2.9611,3.1529,2.7091,1.1805,0.6818,1.1739,66.3467,66.622,67.8622,1.135,1.3382,1.0524,11.6738,50.1115,49.7936,1.5098,3.4764,9.057,13.1836,53.5879,58.8506,0.0004,0.0,0.002,0.3843,0.0023,0.7467,0.2326,0.1084,0.0227,22.0,26.0,26.0
2018,12,19931.351,-2.4492935982947064e-16,1.0,29,13177.12,13247.538,24513.487,24.2698,23.6956,23.0644,32.8715,33.1604,33.4693,2.9374,3.1453,2.9289,1.2223,0.4071,0.4811,68.1067,64.0152,68.4878,2.0005,2.3704,1.309,6.7293,14.5021,226.4974,5.0411,0.9121,1.0381,11.7705,15.4142,227.5355,1.5921,0.0,0.0623,7.2679,0.0,49.0047,0.1474,0.2745,0.0866,20.0,20.0,18.0
2019,1,27584.049,0.49999999999999994,0.8660254037844387,30,19931.351,12761.937,17554.156,24.8162,23.3191,22.8935,33.5585,32.3434,32.2109,2.9766,2.9611,3.0133,1.5957,1.1805,0.4401,67.9352,66.3467,67.6989,0.8171,1.135,0.6533,41.8191,11.6738,18.2345,11.5825,1.5098,0.2654,53.4016,13.1836,18.4999,2.4042,0.0004,0.0004,4.7542,0.3843,0.3763,0.1796,0.2326,-0.1665,20.0,22.0,17.0
2019,2,30881.452,0.8660254037844386,0.5000000000000001,31,27584.049,13177.12,17956.934,25.7355,24.2698,23.0426,34.4669,32.8715,33.3856,2.762,2.9374,3.1529,1.8197,1.2223,0.6818,69.1035,68.1067,66.622,0.3666,2.0005,1.3382,10.6001,6.7293,50.1115,2.8376,5.0411,3.4764,13.4376,11.7705,53.5879,0.0712,1.5921,0.0,0.0584,7.2679,0.0023,0.0846,0.1474,0.1084,33.0,20.0,26.0
2019,3,33259.076,1.0,6.123233995736766e-17,32,30881.452,19931.351,13247.538,26.1751,24.8162,23.6956,34.399,33.5585,33.1604,2.2997,2.9766,3.1453,2.4546,1.5957,0.4071,73.4806,67.9352,64.0152,6.9047,0.8171,2.3704,1362.0647,41.8191,14.5021,214.26,11.5825,0.9121,1576.3247,53.4016,15.4142,201.2282,2.4042,0.0,217.5444,4.7542,0.0,0.0034,0.1796,0.2745,31.0,20.0,20.0
2019,4,31419.438,0.8660254037844387,-0.4999999999999998,33,33259.076,27584.049,12761.937,26.2146,25.7355,23.3191,34.4743,34.4669,32.3434,2.159,2.762,2.9611,2.8276,1.8197,1.1805,70.9654,69.1035,66.3467,2.3831,0.3666,1.135,205.8449,10.6001,11.6738,20.8577,2.8376,1.5098,226.7026,13.4376,13.1836,1.8212,0.0712,0.0004,3.9805,0.0584,0.3843,0.0198,0.0846,0.2326,23.0,33.0,22.0
2019,5,31249.52,0.49999999999999994,-0.8660254037844387,34,31419.438,30881.452,13177.12,25.7162,26.1751,24.2698,33.8669,34.399,32.8715,2.428,2.2997,2.9374,1.7266,2.4546,1.2223,68.4987,73.4806,68.1067,0.7239,6.9047,2.0005,82.9216,1362.0647,6.7293,2.3702,214.26,5.0411,85.2919,1576.3247,11.7705,1.1922,201.2282,1.5921,11.2328,217.5444,7.2679,0.2209,0.0034,0.1474,22.0,31.0,20.0
2019,6,27073.952,1.2246467991473532e-16,-1.0,35,31249.52,33259.076,19931.351,25.087,26.2146,24.8162,33.5084,34.4743,33.5585,2.7421,2.159,2.9766,0.6961,2.8276,1.5957,68.9147,70.9654,67.9352,0.2275,2.3831,0.8171,41.0866,205.8449,41.8191,0.1659,20.8577,11.5825,41.2525,226.7026,53.4016,14.6147,1.8212,2.4042,12.1679,3.9805,4.7542,0.0958,0.0198,0.1796,23.0,23.0,20.0
2019,7,18112.825,-0.4999999999999997,-0.8660254037844388,36,27073.952,31419.438,27584.049,24.1663,25.7162,25.7355,35.3426,33.8669,34.4669,2.9287,2.428,2.762,0.7921,1.7266,1.8197,67.6793,68.4987,69.1035,0.3193,0.7239,0.3666,10.8755,82.9216,10.6001,0.2769,2.3702,2.8376,11.1524,85.2919,13.4376,0.3095,1.1922,0.0712,0.3505,11.2328,0.0584,0.119,0.2209,0.0846,9.0,22.0,33.0
2019,8,12990.996,-0.8660254037844385,-0.5000000000000004,37,18112.825,31249.52,30881.452,23.2059,25.087,26.1751,32.8993,33.5084,34.399,3.0359,2.7421,2.2997,0.7244,0.6961,2.4546,66.7012,68.9147,73.4806,0.4287,0.2275,6.9047,161.7565,41.0866,1362.0647,0.383,0.1659,214.26,162.1395,41.2525,1576.3247,29.7664,14.6147,201.2282,0.7167,12.1679,217.5444,0.2805,0.0958,0.0034,15.0,23.0,31.0
2019,9,16132.229,-1.0,-1.8369701987210297e-16,38,12990.996,27073.952,33259.076,23.1578,24.1663,26.2146,33.7631,35.3426,34.4743,3.0862,2.9287,2.159,0.3617,0.7921,2.8276,63.2142,67.6793,70.9654,0.8429,0.3193,2.3831,5.4093,10.8755,205.8449,11.559,0.2769,20.8577,16.9682,11.1524,226.7026,1.062,0.3095,1.8212,1.9331,0.3505,3.9805,0.3547,0.119,0.0198,14.0,9.0,23.0
2019,10,17684.539,-0.8660254037844386,0.5000000000000001,39,16132.229,18112.825,31419.438,23.6759,23.2059,25.7162,33.7884,32.8993,33.8669,3.2119,3.0359,2.428,0.5943,0.7244,1.7266,63.0501,66.7012,68.4987,0.3606,0.4287,0.7239,3.3488,161.7565,82.9216,1.7667,0.383,2.3702,5.1155,162.1395,85.2919,0.1684,29.7664,1.1922,0.0076,0.7167,11.2328,0.2335,0.2805,0.2209,15.0,15.0,22.0
2019,11,21926.512,-0.5000000000000004,0.8660254037844384,40,17684.539,12990.996,31249.52,23.578,23.1578,25.087,32.7588,33.7631,33.5084,3.1638,3.0862,2.7421,1.2303,0.3617,0.6961,64.2509,63.2142,68.9147,0.593,0.8429,0.2275,20.7008,5.4093,41.0866,9.4308,11.559,0.1659,30.1316,16.9682,41.2525,0.2041,1.062,14.6147,0.4578,1.9331,12.1679,0.2691,0.3547,0.0958,12.0,14.0,23.0
2019,12,22144.552,-2.4492935982947064e-16,1.0,41,21926.512,16132.229,27073.952,24.1406,23.6759,24.1663,33.6981,33.7884,35.3426,3.0039,3.2119,2.9287,2.1914,0.5943,0.7921,67.3104,63.0501,67.6793,0.4681,0.3606,0.3193,5.1887,3.3488,10.8755,0.4484,1.7667,0.2769,5.6371,5.1155,11.1524,0.2311,0.1684,0.3095,0.2719,0.0076,0.3505,0.0087,0.2335,0.119,8.0,15.0,9.0
2020,1,24717.906,0.49999999999999994,0.8660254037844387,42,22144.552,17684.539,18112.825,24.7646,23.578,23.2059,33.0887,32.7588,32.8993,3.0315,3.1638,3.0359,2.0015,1.2303,0.7244,70.6891,64.2509,66.7012,0.7904,0.593,0.4287,15.4836,20.7008,161.7565,0.6847,9.4308,0.383,16.1683,30.1316,162.1395,0.2705,0.2041,29.7664,0.3296,0.4578,0.7167,0.0861,0.2691,0.2805,18.0,12.0,15.0
2020,2,28863.261,0.8660254037844386,0.5000000000000001,43,24717.906,21926.512,12990.996,25.9108,24.1406,23.1578,34.4795,33.6981,33.7631,2.9635,3.0039,3.0862,1.4789,2.1914,0.3617,68.4137,67.3104,63.2142,2.2113,0.4681,0.8429,83.0565,5.1887,5.4093,5.7703,0.4484,11.559,88.8268,5.6371,16.9682,2.6896,0.2311,1.062,5.9873,0.2719,1.9331,0.1904,0.0087,0.3547,17.0,8.0,14.0
2020,3,31899.279,1.0,6.123233995736766e-17,44,28863.261,22144.552,16132.229,26.4816,24.7646,23.6759,34.5962,33.0887,33.7884,2.7235,3.0315,3.2119,1.9719,2.0015,0.5943,69.3695,70.6891,63.0501,3.2551,0.7904,0.3606,31.3242,15.4836,3.3488,4.8023,0.6847,1.7667,36.1264,16.1683,5.1155,2.8147,0.2705,0.1684,6.9162,0.3296,0.0076,0.1154,0.0861,0.2335,15.0,18.0,15.0
2020,4,31472.253,0.8660254037844387,-0.4999999999999998,45,31899.279,24717.906,17684.539,26.4831,25.9108,23.578,34.7248,34.4795,32.7588,2.4189,2.9635,3.1638,1.6573,1.4789,1.2303,69.3031,68.4137,64.2509,0.7086,2.2113,0.593,18.7795,83.0565,20.7008,0.5679,5.7703,9.4308,19.3474,88.8268,30.1316,0.7184,2.6896,0.2041,1.7058,5.9873,0.4578,0.0337,0.1904,0.2691,15.0,17.0,12.0
2020,5,35010.363,0.49999999999999994,-0.8660254037844387,46,31472.253,28863.261,21926.512,25.9336,26.4816,24.1406,34.8243,34.5962,33.6981,2.4981,2.7235,3.0039,0.9321,1.9719,2.1914,67.1871,69.3695,67.3104,1.0605,3.2551,0.4681,11.0673,31.3242,5.1887,3.2765,4.8023,0.4484,14.3438,36.1264,5.6371,5.6252,2.8147,0.2311,3.2219,6.9162,0.2719,-0.0336,0.1154,0.0087,12.0,15.0,8.0
2020,6,26948.624,1.2246467991473532e-16,-1.0,47,35010.363,31899.279,22144.552,25.1092,26.4831,24.7646,34.7796,34.7248,33.0887,2.8251,2.4189,3.0315,0.976,1.6573,2.0015,67.8553,69.3031,70.6891,0.1464,0.7086,0.7904,0.8194,18.7795,15.4836,1.1726,0.5679,0.6847,1.992,19.3474,16.1683,0.5879,0.7184,0.2705,2.3344,1.7058,0.3296,0.1358,0.0337,0.0861,16.0,15.0,18.0
2020,7,15387.758,-0.4999999999999997,-0.8660254037844388,48,26948.624,31472.253,24717.906,23.5394,25.9336,25.9108,32.6669,34.8243,34.4795,2.9659,2.4981,2.9635,1.1291,0.9321,1.4789,67.9051,67.1871,68.4137,0.1042,1.0605,2.2113,8.4677,11.0673,83.0565,0.2626,3.2765,5.7703,8.7303,14.3438,88.8268,1.2474,5.6252,2.6896,1.8882,3.2219,5.9873,0.0552,-0.0336,0.1904,19.0,12.0,17.0
2020,8,14809.668,-0.8660254037844385,-0.5000000000000004,49,15387.758,35010.363,28863.261,22.7527,25.1092,26.4816,31.8253,34.7796,34.5962,2.9786,2.8251,2.7235,0.9236,0.976,1.9719,66.9408,67.8553,69.3695,0.2198,0.1464,3.2551,16.6778,0.8194,31.3242,2.1975,1.1726,4.8023,18.8753,1.992,36.1264,0.9868,0.5879,2.8147,3.0328,2.3344,6.9162,0.177,0.1358,0.1154,13.0,16.0,15.0
2020,9,18989.793,-1.0,-1.8369701987210297e-16,50,14809.668,26948.624,31899.279,22.6644,23.5394,26.4831,32.4116,32.6669,34.7248,3.0236,2.9659,2.4189,0.2672,1.1291,1.6573,64.361,67.9051,69.3031,0.5206,0.1042,0.7086,18.2649,8.4677,18.7795,0.2119,0.2626,0.5679,18.4769,8.7303,19.3474,2.8266,1.2474,0.7184,4.3774,1.8882,1.7058,-0.0208,0.0552,0.0337,6.0,19.0,15.0
2020,10,20949.041,-0.8660254037844386,0.5000000000000001,51,18989.793,15387.758,31472.253,23.215,22.7527,25.9336,32.6981,31.8253,34.8243,3.0702,2.9786,2.4981,0.5733,0.9236,0.9321,64.5257,66.9408,67.1871,0.7553,0.2198,1.0605,26.1708,16.6778,11.0673,1.4977,2.1975,3.2765,27.6685,18.8753,14.3438,0.8997,0.9868,5.6252,1.9882,3.0328,3.2219,0.0121,0.177,-0.0336,13.0,13.0,12.0
2020,11,22423.059,-0.5000000000000004,0.8660254037844384,52,20949.041,14809.668,35010.363,23.9946,22.6644,25.1092,33.9463,32.4116,34.7796,3.0784,3.0236,2.8251,0.5152,0.2672,0.976,64.0787,64.361,67.8553,2.6043,0.5206,0.1464,24.6878,18.2649,0.8194,9.511,0.2119,1.1726,34.1988,18.4769,1.992,8.554,2.8266,0.5879,57.5482,4.3774,2.3344,0.2178,-0.0208,0.1358,9.0,6.0,16.0
2020,12,30110.522,-2.4492935982947064e-16,1.0,53,22423.059,18989.793,26948.624,23.0784,23.215,23.5394,32.3137,32.6981,32.6669,2.7929,3.0702,2.9659,0.8644,0.5733,1.1291,66.5321,64.5257,67.9051,3.7414,0.7553,0.1042,28.3248,26.1708,8.4677,6.9826,1.4977,0.2626,35.3074,27.6685,8.7303,42.5626,0.8997,1.2474,36.1853,1.9882,1.8882,0.1826,0.0121,0.0552,11.0,13.0,19.0
2021,1,30304.336,0.49999999999999994,0.8660254037844387,54,30110.522,20949.041,15387.758,24.249,23.9946,22.7527,32.8383,33.9463,31.8253,2.8256,3.0784,2.9786,1.4844,0.5152,0.9236,70.3686,64.0787,66.9408,2.9972,2.6043,0.2198,25.1756,24.6878,16.6778,1.1368,9.511,2.1975,26.3125,34.1988,18.8753,4.2628,8.554,0.9868,6.5844,57.5482,3.0328,0.182,0.2178,0.177,15.0,9.0,13.0
2021,2,33363.635,0.8660254037844386,0.5000000000000001,55,30304.336,22423.059,14809.668,25.1175,23.0784,22.6644,33.8021,32.3137,32.4116,2.7619,2.7929,3.0236,1.6608,0.8644,0.2672,68.8511,66.5321,64.361,3.6956,3.7414,0.5206,27.3593,28.3248,18.2649,4.9162,6.9826,0.2119,32.2755,35.3074,18.4769,1.7408,42.5626,2.8266,5.4476,36.1853,4.3774,0.0698,0.1826,-0.0208,13.0,11.0,6.0
2021,3,35179.894,1.0,6.123233995736766e-17,56,33363.635,30110.522,18989.793,26.0677,24.249,23.215,34.6898,32.8383,32.6981,2.6486,2.8256,3.0702,1.2552,1.4844,0.5733,66.052,70.3686,64.5257,3.822,2.9972,0.7553,196.8224,25.1756,26.1708,14.7552,1.1368,1.4977,211.5775,26.3125,27.6685,138.1961,4.2628,0.8997,236.1714,6.5844,1.9882,0.0593,0.182,0.0121,19.0,15.0,13.0
2021,4,32291.676,0.8660254037844387,-0.4999999999999998,57,35179.894,30304.336,20949.041,25.8767,25.1175,23.9946,34.4816,33.8021,33.9463,2.2293,2.7619,3.0784,2.4507,1.6608,0.5152,68.0036,68.8511,64.0787,10.531,3.6956,2.6043,1900.7963,27.3593,24.6878,85.7117,4.9162,9.511,1986.5081,32.2755,34.1988,9.8593,1.7408,8.554,173.2768,5.4476,57.5482,0.1328,0.0698,0.2178,21.0,13.0,9.0
2021,5,29436.556,0.49999999999999994,-0.8660254037844387,58,32291.676,33363.635,22423.059,25.182,26.0677,23.0784,34.245,34.6898,32.3137,2.8107,2.6486,2.7929,1.3337,1.2552,0.8644,66.4809,66.052,66.5321,4.0754,3.822,3.7414,173.5848,196.8224,28.3248,3.403,14.7552,6.9826,176.9878,211.5775,35.3074,15.5035,138.1961,42.5626,27.6984,236.1714,36.1853,0.136,0.0593,0.1826,19.0,19.0,11.0
2021,6,23089.077,1.2246467991473532e-16,-1.0,59,29436.556,35179.894,30110.522,24.0648,25.8767,24.249,33.0479,34.4816,32.8383,2.9667,2.2293,2.8256,0.5592,2.4507,1.4844,66.8366,68.0036,70.3686,1.0499,10.531,2.9972,31.6647,1900.7963,25.1756,1.0266,85.7117,1.1368,32.6913,1986.5081,26.3125,0.5708,9.8593,4.2628,9.2496,173.2768,6.5844,0.0378,0.1328,0.182,23.0,21.0,15.0
2021,7,22952.692,-0.4999999999999997,-0.8660254037844388,60,23089.077,32291.676,30304.336,23.4673,25.182,25.1175,31.9855,34.245,33.8021,2.937,2.8107,2.7619,0.7953,1.3337,1.6608,68.0198,66.4809,68.8511,0.446,4.0754,3.6956,56.9241,173.5848,27.3593,0.4457,3.403,4.9162,57.3698,176.9878,32.2755,4.048,15.5035,1.7408,0.8075,27.6984,5.4476,0.2552,0.136,0.0698,23.0,19.0,13.0
2021,8,22838.582,-0.8660254037844385,-0.5000000000000004,61,22952.692,29436.556,33363.635,23.3584,24.0648,26.0677,34.2161,33.0479,34.6898,3.0783,2.9667,2.6486,0.2818,0.5592,1.2552,65.6655,66.8366,66.052,0.9945,1.0499,3.822,14.8014,31.6647,196.8224,0.9176,1.0266,14.7552,15.719,32.6913,211.5775,0.202,0.5708,138.1961,1.9029,9.2496,236.1714,0.2466,0.0378,0.0593,11.0,23.0,19.0
2021,9,23106.276,-1.0,-1.8369701987210297e-16,62,22838.582,23089.077,35179.894,23.4999,23.4673,25.8767,34.2529,31.9855,34.4816,3.2647,2.937,2.2293,0.3613,0.7953,2.4507,63.492,68.0198,68.0036,0.8572,0.446,10.531,25.304,56.9241,1900.7963,0.4577,0.4457,85.7117,25.7616,57.3698,1986.5081,0.8693,4.048,9.8593,1.2027,0.8075,173.2768,0.2062,0.2552,0.1328,19.0,23.0,21.0
2021,10,27096.294,-0.8660254037844386,0.5000000000000001,63,23106.276,22952.692,32291.676,23.4418,23.3584,25.182,33.7192,34.2161,34.245,3.3511,3.0783,2.8107,0.4549,0.2818,1.3337,62.5498,65.6655,66.4809,2.8102,0.9945,4.0754,22.5905,14.8014,173.5848,11.1752,0.9176,3.403,33.7658,15.719,176.9878,1.3097,0.202,15.5035,1.7508,1.9029,27.6984,0.0838,0.2466,0.136,21.0,11.0,19.0
2021,11,27012.657,-0.5000000000000004,0.8660254037844384,64,27096.294,22838.582,29436.556,23.7922,23.4999,24.0648,33.4992,34.2529,33.0479,3.4047,3.2647,2.9667,0.8538,0.3613,0.5592,63.1932,63.492,66.8366,2.2516,0.8572,1.0499,16.2728,25.304,31.6647,9.8333,0.4577,1.0266,26.1061,25.7616,32.6913,0.6145,0.8693,0.5708,1.2665,1.2027,9.2496,0.1508,0.2062,0.0378,11.0,19.0,23.0
2021,12,29093.796,-2.4492935982947064e-16,1.0,65,27012.657,23106.276,23089.077,23.3767,23.4418,23.4673,32.6441,33.7192,31.9855,3.1124,3.3511,2.937,1.197,0.4549,0.7953,65.8519,62.5498,68.0198,2.7383,2.8102,0.446,15.164,22.5905,56.9241,5.3586,11.1752,0.4457,20.5226,33.7658,57.3698,0.1189,1.3097,4.048,0.9402,1.7508,0.8075,0.104,0.0838,0.2552,14.0,21.0,23.0
2022,1,39496.045,0.49999999999999994,0.8660254037844387,66,29093.796,27096.294,22952.692,24.1546,23.7922,23.3584,33.3293,33.4992,34.2161,3.1591,3.4047,3.0783,1.2538,0.8538,0.2818,67.4998,63.1932,65.6655,2.2343,2.2516,0.9945,12.5839,16.2728,14.8014,10.611,9.8333,0.9176,23.1949,26.1061,15.719,3.2417,0.6145,0.202,4.6594,1.2665,1.9029,0.2177,0.1508,0.2466,16.0,11.0,11.0
2022,2,41867.719,0.8660254037844386,0.5000000000000001,67,39496.045,27012.657,22838.582,25.2145,23.3767,23.4999,34.3641,32.6441,34.2529,3.029,3.1124,3.2647,0.8425,1.197,0.3613,65.932,65.8519,63.492,3.3561,2.7383,0.8572,160.0572,15.164,25.304,17.3789,5.3586,0.4577,177.4361,20.5226,25.7616,20.5283,0.1189,0.8693,14.6343,0.9402,1.2027,0.1485,0.104,0.2062,18.0,14.0,19.0
2022,3,41704.528,1.0,6.123233995736766e-17,68,41867.719,29093.796,23106.276,25.2434,24.1546,23.4418,34.144,33.3293,33.7192,2.8038,3.1591,3.3511,1.487,1.2538,0.4549,65.4522,67.4998,62.5498,2.5264,2.2343,2.8102,128.8021,12.5839,22.5905,2.2771,10.611,11.1752,131.0792,23.1949,33.7658,6.0416,3.2417,1.3097,32.3432,4.6594,1.7508,0.1212,0.2177,0.0838,17.0,16.0,21.0
2022,4,36706.031,0.8660254037844387,-0.4999999999999998,69,41704.528,39496.045,27096.294,25.7159,25.2145,23.7922,34.3917,34.3641,33.4992,2.4118,3.029,3.4047,1.9201,0.8425,0.8538,66.2612,65.932,63.1932,7.6312,3.3561,2.2516,271.5585,160.0572,16.2728,56.7546,17.3789,9.8333,328.3131,177.4361,26.1061,16.8401,20.5283,0.6145,8.1828,14.6343,1.2665,0.0169,0.1485,0.1508,26.0,18.0,11.0
2022,5,35495.464,0.49999999999999994,-0.8660254037844387,70,36706.031,41867.719,27012.657,24.6508,25.2434,23.3767,33.6651,34.144,32.6441,2.9937,2.8038,3.1124,1.3981,1.487,1.197,67.4425,65.4522,65.8519,3.521,2.5264,2.7383,110.429,128.8021,15.164,9.0731,2.2771,5.3586,119.5021,131.0792,20.5226,17.2891,6.0416,0.1189,6.2301,32.3432,0.9402,0.1029,0.1212,0.104,11.0,17.0,14.0
2022,6,26355.126,1.2246467991473532e-16,-1.0,71,35495.464,41704.528,29093.796,23.8619,25.7159,24.1546,32.7691,34.3917,33.3293,2.951,2.4118,3.1591,0.8123,1.9201,1.2538,66.3925,66.2612,67.4998,2.085,7.6312,2.2343,31.0442,271.5585,12.5839,3.5157,56.7546,10.611,34.5599,328.3131,23.1949,8.18,16.8401,3.2417,1.2437,8.1828,4.6594,0.0422,0.0169,0.2177,24.0,26.0,16.0
2022,7,23436.447,-0.4999999999999997,-0.8660254037844388,72,26355.126,36706.031,39496.045,22.429,24.6508,25.2145,32.1148,33.6651,34.3641,2.9675,2.9937,3.029,0.7701,1.3981,0.8425,67.5614,67.4425,65.932,2.1391,3.521,3.3561,45.0748,110.429,160.0572,4.4474,9.0731,17.3789,49.5223,119.5021,177.4361,12.7003,17.2891,20.5283,62.6063,6.2301,14.6343,0.0514,0.1029,0.1485,18.0,11.0,18.0
2022,8,22935.999,-0.8660254037844385,-0.5000000000000004,73,23436.447,35495.464,41867.719,22.6691,23.8619,25.2434,32.4955,32.7691,34.144,3.1284,2.951,2.8038,0.6205,0.8123,1.487,66.3907,66.3925,65.4522,0.9564,2.085,2.5264,10.3414,31.0442,128.8021,0.2176,3.5157,2.2771,10.559,34.5599,131.0792,0.2669,8.18,6.0416,0.672,1.2437,32.3432,0.15,0.0422,0.1212,16.0,24.0,17.0
2022,9,23892.23,-1.0,-1.8369701987210297e-16,74,22935.999,26355.126,41704.528,22.7177,22.429,25.7159,32.6681,32.1148,34.3917,3.3129,2.9675,2.4118,0.5515,0.7701,1.9201,64.1708,67.5614,66.2612,1.3511,2.1391,7.6312,22.1971,45.0748,271.5585,10.3024,4.4474,56.7546,32.4995,49.5223,328.3131,2.3958,12.7003,16.8401,3.5251,62.6063,8.1828,0.0539,0.0514,0.0169,16.0,18.0,26.0
2022,10,20729.512,-0.8660254037844386,0.5000000000000001,75,23892.23,23436.447,36706.031,23.1736,22.6691,24.6508,33.1046,32.4955,33.6651,3.3653,3.1284,2.9937,0.3132,0.6205,1.3981,62.2545,66.3907,67.4425,0.8997,0.9564,3.521,8.9133,10.3414,110.429,3.8091,0.2176,9.0731,12.7224,10.559,119.5021,3.7759,0.2669,17.2891,5.2864,0.672,6.2301,0.193,0.15,0.1029,23.0,16.0,11.0
2022,11,24026.967,-0.5000000000000004,0.8660254037844384,76,20729.512,22935.999,35495.464,23.0579,22.7177,23.8619,32.9944,32.6681,32.7691,3.2652,3.3129,2.951,0.7345,0.5515,0.8123,62.2461,64.1708,66.3925,0.9582,1.3511,2.085,7.6455,22.1971,31.0442,1.6324,10.3024,3.5157,9.2778,32.4995,34.5599,0.2873,2.3958,8.18,0.7512,3.5251,1.2437,-0.0394,0.0539,0.0422,18.0,16.0,24.0
2022,12,30051.027,-2.4492935982947064e-16,1.0,77,24026.967,23892.23,26355.126,23.7091,23.1736,22.429,33.0569,33.1046,32.1148,3.0239,3.3653,2.9675,0.7882,0.3132,0.7701,62.6877,62.2545,67.5614,3.9495,0.8997,2.1391,57.7542,8.9133,45.0748,37.9469,3.8091,4.4474,95.7011,12.7224,49.5223,16.3834,3.7759,12.7003,27.1448,5.2864,62.6063,0.1874,0.193,0.0514,21.0,23.0,18.0
2023,1,31563.267,0.49999999999999994,0.8660254037844387,78,30051.027,20729.512,23436.447,24.5543,23.0579,22.6691,33.4666,32.9944,32.4955,3.113,3.2652,3.1284,0.8546,0.7345,0.6205,66.3506,62.2461,66.3907,1.8491,0.9582,0.9564,18.6299,7.6455,10.3414,21.0617,1.6324,0.2176,39.6915,9.2778,10.559,9.1591,0.2873,0.2669,2.3137,0.7512,0.672,-0.2075,-0.0394,0.15,20.0,18.0,16.0
2023,2,36552.314,0.8660254037844386,0.5000000000000001,79,31563.267,24026.967,22935.999,25.1909,23.7091,22.7177,34.3145,33.0569,32.6681,2.7091,3.0239,3.3129,1.4359,0.7882,0.5515,65.0782,62.6877,64.1708,4.1719,3.9495,1.3511,66.1294,57.7542,22.1971,13.1271,37.9469,10.3024,79.2565,95.7011,32.4995,23.89,16.3834,2.3958,15.397,27.1448,3.5251,0.0819,0.1874,0.0539,27.0,21.0,16.0
2023,3,30900.933,1.0,6.123233995736766e-17,80,36552.314,30051.027,23892.23,26.4179,24.5543,23.1736,34.8937,33.4666,33.1046,2.5931,3.113,3.3653,1.233,0.8546,0.3132,66.6193,66.3506,62.2545,8.0868,1.8491,0.8997,4434.8185,18.6299,8.9133,220.4981,21.0617,3.8091,4655.3166,39.6915,12.7224,47.3646,9.1591,3.7759,52.4112,2.3137,5.2864,0.085,-0.2075,0.193,33.0,20.0,23.0
2023,4,25524.136,0.8660254037844387,-0.4999999999999998,81,30900.933,31563.267,20729.512,26.0524,25.1909,23.0579,35.4787,34.3145,32.9944,2.0952,2.7091,3.2652,4.669,1.4359,0.7345,73.2389,65.0782,62.2461,19.8579,4.1719,0.9582,31356.1563,66.1294,7.6455,4580.3502,13.1271,1.6324,35936.5065,79.2565,9.2778,1243.8755,23.89,0.2873,553.7646,15.397,0.7512,-0.0202,0.0819,-0.0394,41.0,27.0,18.0
2023,5,22049.585,0.49999999999999994,-0.8660254037844387,82,25524.136,36552.314,24026.967,25.4641,26.4179,23.7091,32.6732,34.8937,33.0569,1.6513,2.5931,3.0239,6.0013,1.233,0.7882,79.3474,66.6193,62.6877,11.2614,8.0868,3.9495,34452.4727,4434.8185,57.7542,2706.6687,220.4981,37.9469,37159.1415,4655.3166,95.7011,2110.7458,47.3646,16.3834,1864.3048,52.4112,27.1448,0.1596,0.085,0.1874,28.0,33.0,21.0
2023,6,19365.541,1.2246467991473532e-16,-1.0,83,22049.585,30900.933,30051.027,25.9942,26.0524,24.5543,34.6325,35.4787,33.4666,2.5881,2.0952,3.113,0.9295,4.669,0.8546,71.9899,73.2389,66.3506,1.8209,19.8579,1.8491,136.5366,31356.1563,18.6299,117.512,4580.3502,21.0617,254.0486,35936.5065,39.6915,4.1105,1243.8755,9.1591,12.6185,553.7646,2.3137,0.0875,-0.0202,-0.2075,27.0,41.0,20.0
2023,7,15716.459,-0.4999999999999997,-0.8660254037844388,84,19365.541,25524.136,31563.267,25.3276,25.4641,25.1909,33.8616,32.6732,34.3145,2.8053,1.6513,2.7091,0.3576,6.0013,1.4359,69.2821,79.3474,65.0782,0.7494,11.2614,4.1719,39.0427,34452.4727,66.1294,1.9798,2706.6687,13.1271,41.0225,37159.1415,79.2565,1.3945,2110.7458,23.89,5.516,1864.3048,15.397,0.0473,0.1596,0.0819,21.0,28.0,27.0
2023,8,9388.396,-0.8660254037844385,-0.5000000000000004,85,15716.459,22049.585,36552.314,25.5181,25.9942,26.4179,35.9699,34.6325,34.8937,3.02,2.5881,2.5931,0.4979,0.9295,1.233,66.8592,71.9899,66.6193,0.9147,1.8209,8.0868,32.6962,136.5366,4434.8185,3.4712,117.512,220.4981,36.1674,254.0486,4655.3166,4.8469,4.1105,47.3646,7.1248,12.6185,52.4112,-0.0548,0.0875,0.085,27.0,27.0,33.0
2023,9,13778.474,-1.0,-1.8369701987210297e-16,86,9388.396,19365.541,30900.933,25.6831,25.3276,26.0524,35.0466,33.8616,35.4787,3.041,2.8053,2.0952,0.1882,0.3576,4.669,64.2143,69.2821,73.2389,0.8816,0.7494,19.8579,16.6765,39.0427,31356.1563,2.6039,1.9798,4580.3502,19.2804,41.0225,35936.5065,1.9383,1.3945,1243.8755,6.5687,5.516,553.7646,-0.0313,0.0473,-0.0202,32.0,21.0,41.0
2023,10,17002.337,-0.8660254037844386,0.5000000000000001,87,13778.474,15716.459,25524.136,25.8617,25.5181,25.4641,34.7491,35.9699,32.6732,3.3387,3.02,1.6513,0.35,0.4979,6.0013,62.532,66.8592,79.3474,3.8248,0.9147,11.2614,29.8276,32.6962,34452.4727,8.4446,3.4712,2706.6687,38.2722,36.1674,37159.1415,4.0829,4.8469,2110.7458,11.7808,7.1248,1864.3048,-0.1336,-0.0548,0.1596,29.0,27.0,28.0
2023,11,24158.06,-0.5000000000000004,0.8660254037844384,88,17002.337,9388.396,22049.585,26.0918,25.6831,25.9942,35.0755,35.0466,34.6325,3.3193,3.041,2.5881,0.5602,0.1882,0.9295,62.2395,64.2143,71.9899,2.7123,0.8816,1.8209,36.8499,16.6765,136.5366,16.483,2.6039,117.512,53.3328,19.2804,254.0486,1.1181,1.9383,4.1105,3.5993,6.5687,12.6185,0.1047,-0.0313,0.0875,19.0,32.0,27.0
2023,12,30799.027,-2.4492935982947064e-16,1.0,89,24158.06,13778.474,19365.541,25.4021,25.8617,25.3276,34.1951,34.7491,33.8616,3.3603,3.3387,2.8053,0.9458,0.35,0.3576,64.7907,62.532,69.2821,1.984,3.8248,0.7494,148.5066,29.8276,39.0427,16.0009,8.4446,1.9798,164.5075,38.2722,41.0225,40.8807,4.0829,1.3945,78.6591,11.7808,5.516,-0.0729,-0.1336,0.0473,26.0,29.0,21.0
2024,1,36531.883,0.49999999999999994,0.8660254037844387,90,30799.027,17002.337,15716.459,25.7231,26.0918,25.5181,34.7749,35.0755,35.9699,3.2973,3.3193,3.02,1.8227,0.5602,0.4979,68.078,62.2395,66.8592,2.0302,2.7123,0.9147,36.087,36.8499,32.6962,79.9241,16.483,3.4712,116.0111,53.3328,36.1674,2.4675,1.1181,4.8469,25.4464,3.5993,7.1248,-0.0558,0.1047,-0.0548,28.0,19.0,27.0
2024,2,43992.447,0.8660254037844386,0.5000000000000001,91,36531.883,24158.06,9388.396,26.8772,25.4021,25.6831,35.7983,34.1951,35.0466,3.3367,3.3603,3.041,1.1608,0.9458,0.1882,68.2251,64.7907,64.2143,0.8463,1.984,0.8816,30.5108,148.5066,16.6765,3.3841,16.0009,2.6039,33.895,164.5075,19.2804,2.9972,40.8807,1.9383,7.0669,78.6591,6.5687,-0.2176,-0.0729,-0.0313,42.0,26.0,32.0
2024,3,44161.843,1.0,6.123233995736766e-17,92,43992.447,30799.027,13778.474,27.1459,25.7231,25.8617,36.2956,34.7749,34.7491,2.7349,3.2973,3.3387,4.5363,1.8227,0.35,72.1111,68.078,62.532,8.5382,2.0302,3.8248,1636.3396,36.087,29.8276,41.7574,79.9241,8.4446,1678.097,116.0111,38.2722,75.6167,2.4675,4.0829,111.313,25.4464,11.7808,-0.0091,-0.0558,-0.1336,35.0,28.0,29.0
2024,4,43176.231,0.8660254037844387,-0.4999999999999998,93,44161.843,36531.883,17002.337,27.3926,26.8772,26.0918,35.9332,35.7983,35.0755,2.7588,3.3367,3.3193,0.8645,1.1608,0.5602,66.0547,68.2251,62.2395,4.83,0.8463,2.7123,568.1561,30.5108,36.8499,27.7231,3.3841,16.483,595.8792,33.895,53.3328,11.1313,2.9972,1.1181,23.0678,7.0669,3.5993,0.1739,-0.2176,0.1047,30.0,42.0,19.0
2024,5,39200.488,0.49999999999999994,-0.8660254037844387,94,43176.231,43992.447,24158.06,26.5001,27.1459,25.4021,35.4072,36.2956,34.1951,2.8162,2.7349,3.3603,0.988,4.5363,0.9458,66.7842,72.1111,64.7907,4.4632,8.5382,1.984,98.1891,1636.3396,148.5066,42.3203,41.7574,16.0009,140.5094,1678.097,164.5075,3.8044,75.6167,40.8807,2.6804,111.313,78.6591,0.1449,-0.0091,-0.0729,33.0,35.0,26.0
2024,6,30460.085,1.2246467991473532e-16,-1.0,95,39200.488,44161.843,30799.027,25.2647,27.3926,25.7231,34.5627,35.9332,34.7749,3.2177,2.7588,3.2973,0.9627,0.8645,1.8227,65.3772,66.0547,68.078,2.8578,4.83,2.0302,57.0157,568.1561,36.087,6.2352,27.7231,79.9241,63.2509,595.8792,116.0111,0.0224,11.1313,2.4675,0.0325,23.0678,25.4464,0.1368,0.1739,-0.0558,36.0,30.0,28.0
2024,7,24936.369,-0.4999999999999997,-0.8660254037844388,96,30460.085,43176.231,36531.883,24.231,26.5001,26.8772,33.3216,35.4072,35.7983,2.9245,2.8162,3.3367,0.4684,0.988,1.1608,64.7283,66.7842,68.2251,0.7885,4.4632,0.8463,19.6132,98.1891,30.5108,1.709,42.3203,3.3841,21.3222,140.5094,33.895,0.6218,3.8044,2.9972,1.2183,2.6804,7.0669,0.1853,0.1449,-0.2176,30.0,33.0,42.0
2024,8,25176.553,-0.8660254037844385,-0.5000000000000004,97,24936.369,39200.488,43992.447,23.7566,25.2647,27.1459,33.471,34.5627,36.2956,3.1216,3.2177,2.7349,0.3332,0.9627,4.5363,63.3552,65.3772,72.1111,1.9068,2.8578,8.5382,49.0303,57.0157,1636.3396,1.2662,6.2352,41.7574,50.2966,63.2509,1678.097,1.1396,0.0224,75.6167,2.6302,0.0325,111.313,0.2425,0.1368,-0.0091,29.0,36.0,35.0
2024,9,24222.32,-1.0,-1.8369701987210297e-16,98,25176.553,30460.085,44161.843,23.88,24.231,27.3926,33.761,33.3216,35.9332,3.1972,2.9245,2.7588,0.2807,0.4684,0.8645,61.6442,64.7283,66.0547,2.0638,0.7885,4.83,132.4128,19.6132,568.1561,3.0196,1.709,27.7231,135.4325,21.3222,595.8792,0.5678,0.6218,11.1313,1.1225,1.2183,23.0678,0.0643,0.1853,0.1739,37.0,30.0,30.0
2024,10,23811.288,-0.8660254037844386,0.5000000000000001,99,24222.32,24936.369,43176.231,23.9841,23.7566,26.5001,33.8542,33.471,35.4072,3.2,3.1216,2.8162,0.3822,0.3332,0.988,62.6873,63.3552,66.7842,3.7002,1.9068,4.4632,1093.8479,49.0303,98.1891,8.5676,1.2662,42.3203,1102.4154,50.2966,140.5094,149.1807,1.1396,3.8044,166.0697,2.6302,2.6804,0.1815,0.2425,0.1449,32.0,29.0,33.0
2024,11,24280.547,-0.5000000000000004,0.8660254037844384,100,23811.288,25176.553,39200.488,24.7672,23.88,25.2647,34.1268,33.761,34.5627,3.2476,3.1972,3.2177,0.702,0.2807,0.9627,62.6367,61.6442,65.3772,3.7723,2.0638,2.8578,79.8961,132.4128,57.0157,8.1183,3.0196,6.2352,88.0144,135.4325,63.2509,5.2437,0.5678,0.0224,31.0054,1.1225,0.0325,0.0639,0.0643,0.1368,28.0,37.0,36.0
2024,12,26555.144,-2.4492935982947064e-16,1.0,101,24280.547,24222.32,30460.085,24.0792,23.9841,24.231,33.5311,33.8542,33.3216,2.9712,3.2,2.9245,1.0046,0.3822,0.4684,65.2721,62.6873,64.7283,7.6687,3.7002,0.7885,1703.0061,1093.8479,19.6132,8.2588,8.5676,1.709,1711.265,1102.4154,21.3222,1667.9129,149.1807,0.6218,839.4535,166.0697,1.2183,0.1562,0.1815,0.1853,44.0,32.0,30.0
2025,1,38325.524,0.49999999999999994,0.8660254037844387,102,26555.144,23811.288,24936.369,24.9984,24.7672,23.7566,33.5551,34.1268,33.471,3.295,3.2476,3.1216,1.2296,0.702,0.3332,67.4718,62.6367,63.3552,9.8131,3.7723,1.9068,852.0317,79.8961,49.0303,7.7137,8.1183,1.2662,859.7453,88.0144,50.2966,138.7947,5.2437,1.1396,832.0875,31.0054,2.6302,0.0627,0.0639,0.2425,40.0,28.0,29.0
2025,2,40092.876,0.8660254037844386,0.5000000000000001,103,38325.524,24280.547,25176.553,25.563,24.0792,23.88,34.466,33.5311,33.761,3.0333,2.9712,3.1972,1.1033,1.0046,0.2807,67.2486,65.2721,61.6442,8.3868,7.6687,2.0638,145.0785,1703.0061,132.4128,15.9182,8.2588,3.0196,160.9967,1711.265,135.4325,4.7676,1667.9129,0.5678,2.9464,839.4535,1.1225,0.0014,0.1562,0.0643,41.0,44.0,37.0
2025,3,42119.744,1.0,6.123233995736766e-17,104,40092.876,26555.144,24222.32,26.2402,24.9984,23.9841,34.7691,33.5551,33.8542,2.5384,3.295,3.2,2.5542,1.2296,0.3822,69.3586,67.4718,62.6873,15.3838,9.8131,3.7002,1985.8495,852.0317,1093.8479,969.8187,7.7137,8.5676,2955.6681,859.7453,1102.4154,390.2726,138.7947,149.1807,175.9159,832.0875,166.0697,0.1534,0.0627,0.1815,39.0,40.0,32.0
2025,4,41178.818,0.8660254037844387,-0.4999999999999998,105,42119.744,38325.524,23811.288,26.6139,25.563,24.7672,35.1092,34.466,34.1268,2.2518,3.0333,3.2476,2.4932,1.1033,0.702,67.7532,67.2486,62.6367,17.8782,8.3868,3.7723,2326.0152,145.0785,79.8961,727.5087,15.9182,8.1183,3053.524,160.9967,88.0144,208.8801,4.7676,5.2437,269.6241,2.9464,31.0054,0.2221,0.0014,0.0639,42.0,41.0,28.0
2025,5,37552.279,0.49999999999999994,-0.8660254037844387,106,41178.818,40092.876,24280.547,25.7839,26.2402,24.0792,34.7288,34.7691,33.5311,2.6766,2.5384,2.9712,1.3948,2.5542,1.0046,67.8845,69.3586,65.2721,5.9249,15.3838,7.6687,1897.0414,1985.8495,1703.0061,296.2601,969.8187,8.2588,2193.3014,2955.6681,1711.265,25.7248,390.2726,1667.9129,1466.4929,175.9159,839.4535,0.0438,0.1534,0.1562,34.0,39.0,44.0
2025,6,34500.774,1.2246467991473532e-16,-1.0,107,37552.279,42119.744,26555.144,24.8971,26.6139,24.9984,33.5429,35.1092,33.5551,2.935,2.2518,3.295,1.048,2.4932,1.2296,68.3012,67.7532,67.4718,1.9739,17.8782,9.8131,172.3854,2326.0152,852.0317,19.1156,727.5087,7.7137,191.501,3053.524,859.7453,0.2523,208.8801,138.7947,0.7401,269.6241,832.0875,0.2216,0.2221,0.0627,28.0,42.0,40.0
2025,7,23417.927,-0.4999999999999997,-0.8660254037844388,108,34500.774,41178.818,38325.524,23.3409,25.7839,25.563,32.1517,34.7288,34.466,2.9095,2.6766,3.0333,4.3158,1.3948,1.1033,73.9806,67.8845,67.2486,1.5377,5.9249,8.3868,68.9725,1897.0414,145.0785,4.7494,296.2601,15.9182,73.7219,2193.3014,160.9967,0.0185,25.7248,4.7676,0.0481,1466.4929,2.9464,0.2106,0.0438,0.0014,48.0,34.0,41.0
2025,8,18017.175,-0.8660254037844385,-0.5000000000000004,109,23417.927,37552.279,40092.876,23.1765,24.8971,26.2402,33.4249,33.5429,34.7691,2.9828,2.935,2.5384,0.2365,1.048,2.5542,68.8835,68.3012,69.3586,2.9487,1.9739,15.3838,66.5678,172.3854,1985.8495,1.9822,19.1156,969.8187,68.5499,191.501,2955.6681,0.4216,0.2523,390.2726,0.4371,0.7401,175.9159,0.1837,0.2216,0.1534,42.0,28.0,39.0
2025,9,18304.83,-1.0,-1.8369701987210297e-16,110,18017.175,34500.774,42119.744,23.5726,23.3409,26.6139,33.685,32.1517,35.1092,3.2369,2.9095,2.2518,0.3761,4.3158,2.4932,65.2725,73.9806,67.7532,2.8915,1.5377,17.8782,219.6713,68.9725,2326.0152,2.8946,4.7494,727.5087,222.5659,73.7219,3053.524,0.0831,0.0185,208.8801,0.3444,0.0481,269.6241,0.2639,0.2106,0.2221,40.0,48.0,42.0
2025,10,21230.276,-0.8660254037844386,0.5000000000000001,111,18304.83,23417.927,41178.818,23.9463,23.1765,25.7839,33.2483,33.4249,34.7288,3.3373,2.9828,2.6766,0.6502,0.2365,1.3948,63.9854,68.8835,67.8845,4.6072,2.9487,5.9249,39.443,66.5678,1897.0414,6.0016,1.9822,296.2601,45.4447,68.5499,2193.3014,0.1169,0.4216,25.7248,0.5408,0.4371,1466.4929,0.2483,0.1837,0.0438,29.0,42.0,34.0
2025,11,33357.521,-0.5000000000000004,0.8660254037844384,112,21230.276,18017.175,37552.279,23.9378,23.5726,24.8971,33.3073,33.685,33.5429,3.2471,3.2369,2.935,1.1234,0.3761,1.048,66.4653,65.2725,68.3012,5.3873,2.8915,1.9739,35.9325,219.6713,172.3854,9.0836,2.8946,19.1156,45.0161,222.5659,191.501,2.3569,0.0831,0.2523,0.0712,0.3444,0.7401,0.2223,0.2639,0.2216,21.0,40.0,28.0
2025,12,34801.521,-2.4492935982947064e-16,1.0,113,33357.521,18304.83,34500.774,24.2749,23.9463,23.3409,33.1231,33.2483,32.1517,3.1962,3.3373,2.9095,1.3347,0.6502,4.3158,67.2691,63.9854,73.9806,4.5648,4.6072,1.5377,50.1816,39.443,68.9725,5.6873,6.0016,4.7494,55.8689,45.4447,73.7219,0.5461,0.1169,0.0185,3.7908,0.5408,0.0481,0.1775,0.2483,0.2106,16.0,29.0,48.0
