año,mes,produccion_t_dulce,mes_sin,mes_cos,t_index,produccion_t_dulce_lag1,produccion_t_dulce_lag3,produccion_t_dulce_lag6,T2M_lag1,T2M_lag3,T2M_lag6,T2M_MAX_lag1,T2M_MAX_lag3,T2M_MAX_lag6,WS2M_lag1,WS2M_lag3,WS2M_lag6,PRECTOTCORR_lag1,PRECTOTCORR_lag3,PRECTOTCORR_lag6,RH2M_lag1,RH2M_lag3,RH2M_lag6,num_emergencias_lag1,num_emergencias_lag3,num_emergencias_lag6,personas_afectadas_lag1,personas_afectadas_lag3,personas_afectadas_lag6,personas_damnificadas_lag1,personas_damnificadas_lag3,personas_damnificadas_lag6,total_afectados_lag1,total_afectados_lag3,total_afectados_lag6,hectareas_cultivo_perdidas_lag1,hectareas_cultivo_perdidas_lag3,hectareas_cultivo_perdidas_lag6,hectareas_cultivo_afectadas_lag1,hectareas_cultivo_afectadas_lag3,hectareas_cultivo_afectadas_lag6,avg_sentiment_lag1,avg_sentiment_lag3,avg_sentiment_lag6,n_noticias_lag1,n_noticias_lag3,n_noticias_lag6
2016,7,462.117,-0.4999999999999997,-0.8660254037844388,0,598.62,545.599,242.4,16.5966,18.4106,19.168,24.6557,26.364,27.6038,1.2562,1.1266,1.1552,0.7511,1.5459,2.2801,74.5822,78.3946,76.1852,1.0322,3.2914,2.32,417.7884,878.6822,16.7207,2.1479,2.4646,24.2761,419.9363,881.1468,40.9968,0.0,0.0,5.1436,78.4286,0.135,16.4041,-0.1251,0.047,0.0,21.0,30.0,0.0
2016,8,350.018,-0.8660254037844385,-0.5000000000000004,1,462.117,608.389,335.228,16.9699,18.0735,18.4495,24.6731,25.7955,26.0817,1.3083,1.2072,1.2139,1.0056,1.1072,4.3028,69.8834,76.7181,82.4582,0.7787,1.64,2.7891,655.9776,12.3224,683.0943,0.9615,0.8589,58.0714,656.9391,13.1813,741.1657,19.5151,0.0,0.1798,0.0,0.0,11.5893,0.2295,0.0621,0.0,14.0,24.0,0.0
2016,9,334.55,-1.0,-1.8369701987210297e-16,2,350.018,598.62,426.75,17.6904,16.5966,18.5519,25.7045,24.6557,26.6005,1.4016,1.2562,1.0944,0.6113,0.7511,2.9678,70.4635,74.5822,81.5538,0.5464,1.0322,3.093,33.9455,417.7884,159.6137,5.1339,2.1479,8.0398,39.0794,419.9363,167.6535,0.0,0.0,1.9389,0.0,78.4286,0.7192,0.2344,-0.1251,-0.159,20.0,21.0,6.0
2016,10,259.93,-0.8660254037844386,0.5000000000000001,3,334.55,462.117,545.599,18.0457,16.9699,18.4106,26.9722,24.6731,26.364,1.3953,1.3083,1.1266,0.8317,1.0056,1.5459,70.6727,69.8834,78.3946,1.5357,0.7787,3.2914,51.9121,655.9776,878.6822,114.0927,0.9615,2.4646,166.0049,656.9391,881.1468,0.0,19.5151,0.0,0.0,0.0,0.135,0.1723,0.2295,0.047,31.0,14.0,30.0
2016,11,195.55,-0.5000000000000004,0.8660254037844384,4,259.93,350.018,608.389,18.278,17.6904,18.0735,27.1572,25.7045,25.7955,1.2579,1.4016,1.2072,1.5043,0.6113,1.1072,71.4262,70.4635,76.7181,1.9751,0.5464,1.64,18.6154,33.9455,12.3224,24.8404,5.1339,0.8589,43.4559,39.0794,13.1813,0.0557,0.0,0.0,14.6127,0.0,0.0,0.2301,0.2344,0.0621,26.0,20.0,24.0
2016,12,135.7,-2.4492935982947064e-16,1.0,5,195.55,334.55,598.62,18.5878,18.0457,16.5966,27.32,26.9722,24.6557,1.1802,1.3953,1.2562,1.0336,0.8317,0.7511,70.3614,70.6727,74.5822,1.7488,1.5357,1.0322,39.557,51.9121,417.7884,8.8543,114.0927,2.1479,48.4113,166.0049,419.9363,0.1218,0.0,0.0,0.1218,0.0,78.4286,0.086,0.1723,-0.1251,25.0,31.0,21.0
2017,1,256.05,0.49999999999999994,0.8660254037844387,6,135.7,259.93,462.117,17.8248,18.278,16.9699,25.7139,27.1572,24.6731,1.1307,1.2579,1.3083,2.4619,1.5043,1.0056,78.536,71.4262,69.8834,0.5361,1.9751,0.7787,20.9404,18.6154,655.9776,0.2498,24.8404,0.9615,21.1902,43.4559,656.9391,122.8904,0.0557,19.5151,376.755,14.6127,0.0,-0.2092,0.2301,0.2295,22.0,26.0,14.0
2017,2,361.82,0.8660254037844386,0.5000000000000001,7,256.05,195.55,350.018,17.3197,18.5878,17.6904,25.4816,27.32,25.7045,1.1497,1.1802,1.4016,3.1974,1.0336,0.6113,80.7328,70.3614,70.4635,2.7554,1.7488,0.5464,2389.1574,39.557,33.9455,49.3109,8.8543,5.1339,2438.4683,48.4113,39.0794,67.5433,0.1218,0.0,13.8166,0.1218,0.0,-0.2464,0.086,0.2344,16.0,25.0,20.0
2017,3,426.879,1.0,6.123233995736766e-17,8,361.82,135.7,334.55,17.6171,17.8248,18.0457,25.0677,25.7139,26.9722,1.0849,1.1307,1.3953,3.243,2.4619,0.8317,81.2936,78.536,70.6727,3.4841,0.5361,1.5357,1607.7634,20.9404,51.9121,222.9288,0.2498,114.0927,1830.6921,21.1902,166.0049,4.3743,122.8904,0.0,18.7605,376.755,0.0,-0.0659,-0.2092,0.1723,36.0,22.0,31.0
2017,4,585.089,0.8660254037844387,-0.4999999999999998,9,426.879,256.05,259.93,17.4141,17.3197,18.278,24.21,25.4816,27.1572,1.0886,1.1497,1.2579,3.2143,3.1974,1.5043,83.3106,80.7328,71.4262,8.8693,2.7554,1.9751,1693.397,2389.1574,18.6154,748.32,49.3109,24.8404,2441.717,2438.4683,43.4559,59.28,67.5433,0.0557,165.5691,13.8166,14.6127,-0.1232,-0.2464,0.2301,42.0,16.0,26.0
2017,5,571.519,0.49999999999999994,-0.8660254037844387,10,585.089,361.82,195.55,17.5726,17.6171,18.5878,24.8199,25.0677,27.32,1.1236,1.0849,1.1802,1.7631,3.243,1.0336,81.4879,81.2936,70.3614,2.6695,3.4841,1.7488,231.7983,1607.7634,39.557,21.8215,222.9288,8.8543,253.6198,1830.6921,48.4113,0.4718,4.3743,0.1218,25.8732,18.7605,0.1218,-0.2017,-0.0659,0.086,33.0,36.0,25.0
2017,6,630.728,1.2246467991473532e-16,-1.0,11,571.519,426.879,135.7,17.4934,17.4141,17.8248,24.8366,24.21,25.7139,1.0924,1.0886,1.1307,1.6732,3.2143,2.4619,80.9605,83.3106,78.536,0.9797,8.8693,0.5361,66.827,1693.397,20.9404,0.9154,748.32,0.2498,67.7423,2441.717,21.1902,0.8367,59.28,122.8904,4.1188,165.5691,376.755,0.1306,-0.1232,-0.2092,53.0,42.0,22.0
2017,7,477.57,-0.4999999999999997,-0.8660254037844388,12,630.728,585.089,256.05,17.0285,17.5726,17.3197,24.7491,24.8199,25.4816,1.1691,1.1236,1.1497,0.9324,1.7631,3.1974,77.2668,81.4879,80.7328,0.5407,2.6695,2.7554,267.8083,231.7983,2389.1574,0.6655,21.8215,49.3109,268.4738,253.6198,2438.4683,0.0557,0.4718,67.5433,0.7609,25.8732,13.8166,0.1383,-0.2017,-0.2464,29.0,33.0,16.0
2017,8,390.49,-0.8660254037844385,-0.5000000000000004,13,477.57,571.519,361.82,16.3954,17.4934,17.6171,25.0431,24.8366,25.0677,1.368,1.0924,1.0849,0.3585,1.6732,3.243,71.9594,80.9605,81.2936,0.944,0.9797,3.4841,1037.793,66.827,1607.7634,2.1208,0.9154,222.9288,1039.9138,67.7423,1830.6921,0.0,0.8367,4.3743,0.0818,4.1188,18.7605,0.0226,0.1306,-0.0659,31.0,53.0,36.0
2017,9,386.06,-1.0,-1.8369701987210297e-16,14,390.49,630.728,426.879,17.6162,17.0285,17.4141,26.3094,24.7491,24.21,1.3054,1.1691,1.0886,0.732,0.9324,3.2143,71.19,77.2668,83.3106,1.4381,0.5407,8.8693,47.9393,267.8083,1693.397,4.1639,0.6655,748.32,52.1032,268.4738,2441.717,0.0892,0.0557,59.28,8.1215,0.7609,165.5691,0.0736,0.1383,-0.1232,34.0,29.0,42.0
2017,10,334.08,-0.8660254037844386,0.5000000000000001,15,386.06,477.57,585.089,18.0586,16.3954,17.5726,26.8654,25.0431,24.8199,1.401,1.368,1.1236,0.976,0.3585,1.7631,72.2263,71.9594,81.4879,2.4781,0.944,2.6695,34.339,1037.793,231.7983,13.4873,2.1208,21.8215,47.8264,1039.9138,253.6198,0.1654,0.0,0.4718,0.0,0.0818,25.8732,0.0713,0.0226,-0.2017,39.0,31.0,33.0
2017,11,254.95,-0.5000000000000004,0.8660254037844384,16,334.08,390.49,571.519,18.2745,17.6162,17.4934,27.0139,26.3094,24.8366,1.2941,1.3054,1.0924,2.2168,0.732,1.6732,73.8703,71.19,80.9605,1.9377,1.4381,0.9797,26.455,47.9393,66.827,1.0067,4.1639,0.9154,27.4617,52.1032,67.7423,0.0,0.0892,0.8367,1.5907,8.1215,4.1188,0.0624,0.0736,0.1306,29.0,34.0,53.0
2017,12,199.1,-2.4492935982947064e-16,1.0,17,254.95,386.06,630.728,17.9117,18.0586,17.0285,26.2851,26.8654,24.7491,1.0856,1.401,1.1691,2.4708,0.976,0.9324,76.9083,72.2263,77.2668,0.8494,2.4781,0.5407,22.9664,34.339,267.8083,5.2529,13.4873,0.6655,28.2193,47.8264,268.4738,0.704,0.1654,0.0557,1.1104,0.0,0.7609,0.1775,0.0713,0.1383,31.0,39.0,29.0
2018,1,279.0,0.49999999999999994,0.8660254037844387,18,199.1,334.08,477.57,17.8996,18.2745,16.3954,26.779,27.0139,25.0431,1.1071,1.2941,1.368,1.8671,2.2168,0.3585,78.2532,73.8703,71.9594,2.2523,1.9377,0.944,5.4469,26.455,1037.793,13.8405,1.0067,2.1208,19.2873,27.4617,1039.9138,0.0123,0.0,0.0,0.0818,1.5907,0.0818,0.1317,0.0624,0.0226,31.0,29.0,31.0
2018,2,379.91,0.8660254037844386,0.5000000000000001,19,279.0,254.95,390.49,17.1037,17.9117,17.6162,25.4157,26.2851,26.3094,1.0958,1.0856,1.3054,2.7439,2.4708,0.732,81.1121,76.9083,71.19,2.7776,0.8494,1.4381,67.7688,22.9664,47.9393,19.8401,5.2529,4.1639,87.6089,28.2193,52.1032,0.0041,0.704,0.0892,0.0041,1.1104,8.1215,0.2431,0.1775,0.0736,31.0,31.0,34.0
2018,3,468.43,1.0,6.123233995736766e-17,20,379.91,199.1,386.06,17.4225,17.8996,18.0586,25.1206,26.779,26.8654,1.0469,1.1071,1.401,3.262,1.8671,0.976,81.7599,78.2532,72.2263,0.6665,2.2523,2.4781,6.8461,5.4469,34.339,6.8385,13.8405,13.4873,13.6846,19.2873,47.8264,0.0,0.0123,0.1654,0.0242,0.0818,0.0,0.0165,0.1317,0.0713,26.0,31.0,39.0
2018,4,616.059,0.8660254037844387,-0.4999999999999998,21,468.43,279.0,334.08,17.3689,17.1037,18.2745,24.0213,25.4157,27.0139,1.1489,1.0958,1.2941,2.7216,2.7439,2.2168,83.093,81.1121,73.8703,1.8047,2.7776,1.9377,48.0318,67.7688,26.455,38.028,19.8401,1.0067,86.0598,87.6089,27.4617,0.0323,0.0041,0.0,1.704,0.0041,1.5907,0.0505,0.2431,0.0624,25.0,31.0,29.0
2018,5,608.329,0.49999999999999994,-0.8660254037844387,22,616.059,379.91,254.95,17.0763,17.4225,17.9117,24.2519,25.1206,26.2851,1.0456,1.0469,1.0856,2.1312,3.262,2.4708,80.2935,81.7599,76.9083,3.1043,0.6665,0.8494,242.9674,6.8461,22.9664,34.4854,6.8385,5.2529,277.4528,13.6846,28.2193,0.0072,0.0,0.704,0.1464,0.0242,1.1104,0.0877,0.0165,0.1775,23.0,26.0,31.0
2018,6,605.63,1.2246467991473532e-16,-1.0,23,608.329,468.43,199.1,17.2238,17.3689,17.8996,24.4943,24.0213,26.779,1.0975,1.1489,1.1071,1.4538,2.7216,1.8671,79.0349,83.093,78.2532,3.8423,1.8047,2.2523,56.0641,48.0318,5.4469,9.7454,38.028,13.8405,65.8095,86.0598,19.2873,0.0,0.0323,0.0123,0.0,1.704,0.0818,0.0227,0.0505,0.1317,26.0,25.0,31.0
2018,7,490.71,-0.4999999999999997,-0.8660254037844388,24,605.63,616.059,279.0,16.2427,17.0763,17.1037,24.1436,24.2519,25.4157,1.2696,1.0456,1.0958,0.6222,2.1312,2.7439,76.254,80.2935,81.1121,4.0419,3.1043,2.7776,728.2467,242.9674,67.7688,0.3659,34.4854,19.8401,728.6126,277.4528,87.6089,0.0,0.0072,0.0041,1.1095,0.1464,0.0041,0.0866,0.0877,0.2431,18.0,23.0,31.0
2018,8,414.129,-0.8660254037844385,-0.5000000000000004,25,490.71,608.329,379.91,16.4059,17.2238,17.4225,24.8848,24.4943,25.1206,1.3339,1.0975,1.0469,0.6459,1.4538,3.262,72.5776,79.0349,81.7599,0.5933,3.8423,0.6665,4.6487,56.0641,6.8461,0.4254,9.7454,6.8385,5.0741,65.8095,13.6846,0.0,0.0,0.0,0.0,0.0,0.0242,-0.1665,0.0227,0.0165,17.0,26.0,26.0
2018,9,390.439,-1.0,-1.8369701987210297e-16,26,414.129,605.63,468.43,16.668,16.2427,17.3689,24.6663,24.1436,24.0213,1.4006,1.2696,1.1489,1.6534,0.6222,2.7216,74.0932,76.254,83.093,2.24,4.0419,1.8047,72.754,728.2467,48.0318,4.6443,0.3659,38.028,77.3983,728.6126,86.0598,0.0,0.0,0.0323,0.0,1.1095,1.704,0.1084,0.0866,0.0505,26.0,18.0,25.0
2018,10,311.92,-0.8660254037844386,0.5000000000000001,27,390.439,490.71,616.059,17.9116,16.4059,17.0763,26.156,24.8848,24.2519,1.3441,1.3339,1.0456,0.7212,0.6459,2.1312,69.9447,72.5776,80.2935,3.7559,0.5933,3.1043,54.7114,4.6487,242.9674,0.7899,0.4254,34.4854,55.5013,5.0741,277.4528,0.0,0.0,0.0072,0.0,0.0,0.1464,0.2745,-0.1665,0.0877,20.0,17.0,23.0
2018,11,192.5,-0.5000000000000004,0.8660254037844384,28,311.92,414.129,608.329,17.9666,16.668,17.2238,26.3088,24.6663,24.4943,1.1998,1.4006,1.0975,1.78,1.6534,1.4538,75.2935,74.0932,79.0349,3.4247,2.24,3.8423,213.7462,72.754,56.0641,14.1341,4.6443,9.7454,227.8803,77.3983,65.8095,0.0,0.0,0.0,10.9177,0.0,0.0,0.2326,0.1084,0.0227,22.0,26.0,26.0
2018,12,164.9,-2.4492935982947064e-16,1.0,29,192.5,390.439,605.63,18.3393,17.9116,16.2427,26.0251,26.156,24.1436,1.1338,1.3441,1.2696,1.7112,0.7212,0.6222,77.3358,69.9447,76.254,2.5119,3.7559,4.0419,27.8885,54.7114,728.2467,6.837,0.7899,0.3659,34.7255,55.5013,728.6126,0.2261,0.0,0.0,0.1738,0.0,1.1095,0.1474,0.2745,0.0866,20.0,20.0,18.0
2019,1,265.8,0.49999999999999994,0.8660254037844387,30,164.9,311.92,490.71,18.0105,17.9666,16.4059,26.5787,26.3088,24.8848,1.2668,1.1998,1.3339,2.1005,1.78,0.6459,76.5162,75.2935,72.5776,1.8619,3.4247,0.5933,74.8461,213.7462,4.6487,62.3397,14.1341,0.4254,137.1858,227.8803,5.0741,0.0,0.0,0.0,0.0,10.9177,0.0,0.1796,0.2326,-0.1665,20.0,22.0,17.0
2019,2,370.13,0.8660254037844386,0.5000000000000001,31,265.8,192.5,414.129,17.8544,18.3393,16.668,25.9587,26.0251,24.6663,1.3021,1.1338,1.4006,2.4042,1.7112,1.6534,79.81,77.3358,74.0932,0.831,2.5119,2.24,140.6986,27.8885,72.754,1.5379,6.837,4.6443,142.2365,34.7255,77.3983,0.1114,0.2261,0.0,0.1114,0.1738,0.0,0.0846,0.1474,0.1084,33.0,20.0,26.0
2019,3,520.22,1.0,6.123233995736766e-17,32,370.13,164.9,390.439,17.9263,18.0105,17.9116,24.9497,26.5787,26.156,1.1192,1.2668,1.3441,2.4231,2.1005,0.7212,81.3958,76.5162,69.9447,2.2425,1.8619,3.7559,256.5139,74.8461,54.7114,42.1717,62.3397,0.7899,298.6857,137.1858,55.5013,17.8875,0.0,0.0,20.7206,0.0,0.0,0.0034,0.1796,0.2745,31.0,20.0,20.0
2019,4,614.86,0.8660254037844387,-0.4999999999999998,33,520.22,265.8,311.92,17.912,17.8544,17.9666,25.1009,25.9587,26.3088,1.1529,1.3021,1.1998,2.6534,2.4042,1.78,81.222,79.81,75.2935,4.6932,0.831,3.4247,568.5551,140.6986,213.7462,435.3597,1.5379,14.1341,1003.9148,142.2365,227.8803,22.3827,0.1114,0.0,103.0844,0.1114,10.9177,0.0198,0.0846,0.2326,23.0,33.0,22.0
2019,5,581.64,0.49999999999999994,-0.8660254037844387,34,614.86,370.13,192.5,18.1753,17.9263,18.3393,26.2827,24.9497,26.0251,1.112,1.1192,1.1338,2.0363,2.4231,1.7112,78.8165,81.3958,77.3358,3.1913,2.2425,2.5119,30.9253,256.5139,27.8885,7.4508,42.1717,6.837,38.3761,298.6857,34.7255,0.9755,17.8875,0.2261,1.2853,20.7206,0.1738,0.2209,0.0034,0.1474,22.0,31.0,20.0
2019,6,523.8,1.2246467991473532e-16,-1.0,35,581.64,520.22,164.9,17.9864,17.912,18.0105,26.1285,25.1009,26.5787,1.1674,1.1529,1.2668,0.9626,2.6534,2.1005,77.1486,81.222,76.5162,2.4463,4.6932,1.8619,59.544,568.5551,74.8461,3.6905,435.3597,62.3397,63.2346,1003.9148,137.1858,21.096,22.3827,0.0,17.614,103.0844,0.0,0.0958,0.0198,0.1796,23.0,23.0,20.0
2019,7,455.3,-0.4999999999999997,-0.8660254037844388,36,523.8,614.86,265.8,17.3249,18.1753,17.8544,25.7528,26.2827,25.9587,1.3259,1.112,1.3021,1.2523,2.0363,2.4042,73.0813,78.8165,79.81,0.3412,3.1913,0.831,13.1668,30.9253,140.6986,0.182,7.4508,1.5379,13.3488,38.3761,142.2365,0.1456,0.9755,0.1114,0.8552,1.2853,0.1114,0.119,0.2209,0.0846,9.0,22.0,33.0
2019,8,362.82,-0.8660254037844385,-0.5000000000000004,37,455.3,581.64,370.13,17.0058,17.9864,17.9263,25.9761,26.1285,24.9497,1.3467,1.1674,1.1192,1.1293,0.9626,2.4231,73.0604,77.1486,81.3958,1.0297,2.4463,2.2425,243.6511,59.544,256.5139,3.4912,3.6905,42.1717,247.1423,63.2346,298.6857,43.6682,21.096,17.8875,3.4093,17.614,20.7206,0.2805,0.0958,0.0034,15.0,23.0,31.0
2019,9,333.009,-1.0,-1.8369701987210297e-16,38,362.82,523.8,520.22,17.2375,17.3249,17.912,25.9957,25.7528,25.1009,1.4903,1.3259,1.1529,0.5084,1.2523,2.6534,66.7059,73.0813,81.222,0.2712,0.3412,4.6932,10.2028,13.1668,568.5551,6.8032,0.182,435.3597,17.006,13.3488,1003.9148,6.6115,0.1456,22.3827,8.2577,0.8552,103.0844,0.3547,0.119,0.0198,14.0,9.0,23.0
2019,10,300.25,-0.8660254037844386,0.5000000000000001,39,333.009,455.3,614.86,18.4484,17.0058,18.1753,26.9697,25.9761,26.2827,1.4935,1.3467,1.112,1.0362,1.1293,2.0363,70.2627,73.0604,78.8165,0.7648,1.0297,3.1913,56.622,243.6511,30.9253,2.1743,3.4912,7.4508,58.7963,247.1423,38.3761,0.0,43.6682,0.9755,0.0,3.4093,1.2853,0.2335,0.2805,0.2209,15.0,15.0,22.0
2019,11,181.5,-0.5000000000000004,0.8660254037844384,40,300.25,362.82,581.64,18.0777,17.2375,17.9864,26.5107,25.9957,26.1285,1.3504,1.4903,1.1674,1.7924,0.5084,0.9626,72.8183,66.7059,77.1486,1.4184,0.2712,2.4463,6.7175,10.2028,59.544,26.7852,6.8032,3.6905,33.5027,17.006,63.2346,1.2145,6.6115,21.096,1.1543,8.2577,17.614,0.2691,0.3547,0.0958,12.0,14.0,23.0
2019,12,166.3,-2.4492935982947064e-16,1.0,41,181.5,333.009,523.8,18.1802,18.4484,17.3249,26.3624,26.9697,25.7528,1.2011,1.4935,1.3259,3.2719,1.0362,1.2523,76.9987,70.2627,73.0813,0.5841,0.7648,0.3412,7.0059,56.622,13.1668,1.0053,2.1743,0.182,8.0112,58.7963,13.3488,0.0,0.0,0.1456,0.0,0.0,0.8552,0.0087,0.2335,0.119,8.0,15.0,9.0
2020,1,250.05,0.49999999999999994,0.8660254037844387,42,166.3,300.25,455.3,17.7477,18.0777,17.0058,24.8749,26.5107,25.9761,1.2167,1.3504,1.3467,4.0232,1.7924,1.1293,82.6921,72.8183,73.0604,2.4849,1.4184,1.0297,8.6507,6.7175,243.6511,9.3922,26.7852,3.4912,18.0429,33.5027,247.1423,0.0626,1.2145,43.6682,0.5895,1.1543,3.4093,0.0861,0.2691,0.2805,18.0,12.0,15.0
2020,2,361.089,0.8660254037844386,0.5000000000000001,43,250.05,181.5,362.82,18.2523,18.1802,17.2375,26.7391,26.3624,25.9957,1.2361,1.2011,1.4903,1.7587,3.2719,0.5084,78.7397,76.9987,66.7059,5.5276,0.5841,0.2712,67.782,7.0059,10.2028,27.2822,1.0053,6.8032,95.0642,8.0112,17.006,0.6144,0.0,6.6115,8.0188,0.0,8.2577,0.1904,0.0087,0.3547,17.0,8.0,14.0
2020,3,529.73,1.0,6.123233995736766e-17,44,361.089,166.3,333.009,18.3915,17.7477,18.4484,25.8555,24.8749,26.9697,1.1951,1.2167,1.4935,2.1096,4.0232,1.0362,80.3054,82.6921,70.2627,5.2257,2.4849,0.7648,41.3897,8.6507,56.622,14.7455,9.3922,2.1743,56.1352,18.0429,58.7963,5.182,0.0626,0.0,0.5349,0.5895,0.0,0.1154,0.0861,0.2335,15.0,18.0,15.0
2020,4,560.589,0.8660254037844387,-0.4999999999999998,45,529.73,250.05,300.25,18.3077,18.2523,18.0777,26.1328,26.7391,26.5107,1.1282,1.2361,1.3504,2.4464,1.7587,1.7924,78.6208,78.7397,72.8183,3.2466,5.5276,1.4184,24.708,67.782,6.7175,6.5413,27.2822,26.7852,31.2493,95.0642,33.5027,4.9079,0.6144,1.2145,3.6105,8.0188,1.1543,0.0337,0.1904,0.2691,15.0,17.0,12.0
2020,5,573.589,0.49999999999999994,-0.8660254037844387,46,560.589,361.089,181.5,18.1089,18.3915,18.1802,26.1875,25.8555,26.3624,1.1425,1.1951,1.2011,1.5757,2.1096,3.2719,77.5502,80.3054,76.9987,1.3522,5.2257,0.5841,12.3764,41.3897,7.0059,0.5271,14.7455,1.0053,12.9034,56.1352,8.0112,167.7221,5.182,0.0,95.8898,0.5349,0.0,-0.0336,0.1154,0.0087,12.0,15.0,8.0
2020,6,541.168,1.2246467991473532e-16,-1.0,47,573.589,529.73,166.3,17.7841,18.3077,17.7477,26.5143,26.1328,24.8749,1.1804,1.1282,1.2167,1.5072,2.4464,4.0232,74.1593,78.6208,82.6921,1.0371,3.2466,2.4849,6.673,24.708,8.6507,13.6254,6.5413,9.3922,20.2985,31.2493,18.0429,4.7961,4.9079,0.0626,4.2878,3.6105,0.5895,0.1358,0.0337,0.0861,16.0,15.0,18.0
2020,7,426.159,-0.4999999999999997,-0.8660254037844388,48,541.168,560.589,250.05,17.6026,18.1089,18.2523,25.6957,26.1875,26.7391,1.1924,1.1425,1.2361,2.2565,1.5757,1.7587,75.8496,77.5502,78.7397,0.214,1.3522,5.5276,15.3358,12.3764,67.782,0.0081,0.5271,27.2822,15.3439,12.9034,95.0642,6.2749,167.7221,0.6144,8.8842,95.8898,8.0188,0.0552,-0.0336,0.1904,19.0,12.0,17.0
2020,8,334.819,-0.8660254037844385,-0.5000000000000004,49,426.159,573.589,361.089,16.9171,17.7841,18.3915,24.8594,26.5143,25.8555,1.1912,1.1804,1.1951,1.6149,1.5072,2.1096,75.4873,74.1593,80.3054,1.7276,1.0371,5.2257,252.9416,6.673,41.3897,3.1298,13.6254,14.7455,256.0714,20.2985,56.1352,1.0801,4.7961,5.182,1.7907,4.2878,0.5349,0.177,0.1358,0.1154,13.0,16.0,15.0
2020,9,322.48,-1.0,-1.8369701987210297e-16,50,334.819,541.168,529.73,17.8275,17.6026,18.3077,26.745,25.6957,26.1328,1.2962,1.1924,1.1282,0.4707,2.2565,2.4464,69.3629,75.8496,78.6208,1.2324,0.214,3.2466,69.7822,15.3358,24.708,0.078,0.0081,6.5413,69.8602,15.3439,31.2493,14.4364,6.2749,4.9079,17.594,8.8842,3.6105,-0.0208,0.0552,0.0337,6.0,19.0,15.0
2020,10,291.559,-0.8660254037844386,0.5000000000000001,51,322.48,426.159,560.589,18.223,16.9171,18.1089,26.5719,24.8594,26.1875,1.3881,1.1912,1.1425,0.8002,1.6149,1.5757,72.451,75.4873,77.5502,3.2084,1.7276,1.3522,31.9965,252.9416,12.3764,9.4585,3.1298,0.5271,41.455,256.0714,12.9034,0.5948,1.0801,167.7221,0.795,1.7907,95.8898,0.0121,0.177,-0.0336,13.0,13.0,12.0
2020,11,182.22,-0.5000000000000004,0.8660254037844384,52,291.559,334.819,573.589,18.7288,17.8275,17.7841,27.8024,26.745,26.5143,1.3949,1.2962,1.1804,1.1781,0.4707,1.5072,70.3667,69.3629,74.1593,3.5679,1.2324,1.0371,247.9708,69.7822,6.673,13.9351,0.078,13.6254,261.9058,69.8602,20.2985,0.2473,14.4364,4.7961,2.0848,17.594,4.2878,0.2178,-0.0208,0.1358,9.0,6.0,16.0
2020,12,180.68,-2.4492935982947064e-16,1.0,53,182.22,322.48,541.168,18.4963,18.223,17.6026,27.1699,26.5719,25.6957,1.1031,1.3881,1.1924,1.4641,0.8002,2.2565,73.0036,72.451,75.8496,2.0908,3.2084,0.214,34.3096,31.9965,15.3358,8.1521,9.4585,0.0081,42.4617,41.455,15.3439,24.889,0.5948,6.2749,56.2953,0.795,8.8842,0.1826,0.0121,0.0552,11.0,13.0,19.0
2021,1,266.33,0.49999999999999994,0.8660254037844387,54,180.68,291.559,426.159,17.8938,18.7288,16.9171,25.6268,27.8024,24.8594,1.148,1.3949,1.1912,3.1097,1.1781,1.6149,80.2134,70.3667,75.4873,1.8359,3.5679,1.7276,29.181,247.9708,252.9416,3.0354,13.9351,3.1298,32.2164,261.9058,256.0714,4.6459,0.2473,1.0801,6.2415,2.0848,1.7907,0.182,0.2178,0.177,15.0,9.0,13.0
2021,2,379.86,0.8660254037844386,0.5000000000000001,55,266.33,182.22,334.819,17.3398,18.4963,17.8275,23.7584,27.1699,26.745,1.1993,1.1031,1.2962,4.7035,1.4641,0.4707,83.0972,73.0036,69.3629,9.5186,2.0908,1.2324,57.4815,34.3096,69.7822,7.2093,8.1521,0.078,64.6908,42.4617,69.8602,4.8391,24.889,14.4364,33.7737,56.2953,17.594,0.0698,0.1826,-0.0208,13.0,11.0,6.0
2021,3,542.569,1.0,6.123233995736766e-17,56,379.86,180.68,322.48,17.8914,17.8938,18.223,26.4875,25.6268,26.5719,1.0784,1.148,1.3881,1.6768,3.1097,0.8002,78.9786,80.2134,72.451,6.3262,1.8359,3.2084,252.9679,29.181,31.9965,96.2861,3.0354,9.4585,349.254,32.2164,41.455,45.0351,4.6459,0.5948,57.9744,6.2415,0.795,0.0593,0.182,0.0121,19.0,15.0,13.0
2021,4,600.29,0.8660254037844387,-0.4999999999999998,57,542.569,266.33,291.559,17.2031,17.3398,18.7288,24.1418,23.7584,27.8024,1.0885,1.1993,1.3949,3.1245,4.7035,1.1781,82.3796,83.0972,70.3667,8.3469,9.5186,3.5679,258.4215,57.4815,247.9708,53.2282,7.2093,13.9351,311.6496,64.6908,261.9058,27.6466,4.8391,0.2473,23.0936,33.7737,2.0848,0.1328,0.0698,0.2178,21.0,13.0,9.0
2021,5,596.04,0.49999999999999994,-0.8660254037844387,58,600.29,379.86,182.22,17.3429,17.8914,18.4963,24.8117,26.4875,27.1699,1.1454,1.0784,1.1031,2.44,1.6768,1.4641,81.8845,78.9786,73.0036,6.2728,6.3262,2.0908,182.1831,252.9679,34.3096,14.0355,96.2861,8.1521,196.2185,349.254,42.4617,7.5281,45.0351,24.889,0.5108,57.9744,56.2953,0.136,0.0593,0.1826,19.0,19.0,11.0
2021,6,537.03,1.2246467991473532e-16,-1.0,59,596.04,542.569,180.68,17.4264,17.2031,17.8938,25.2801,24.1418,25.6268,1.2001,1.0885,1.148,0.9844,3.1245,3.1097,77.0159,82.3796,80.2134,2.6433,8.3469,1.8359,13.6699,258.4215,29.181,5.714,53.2282,3.0354,19.3839,311.6496,32.2164,0.2277,27.6466,4.6459,0.2596,23.0936,6.2415,0.0378,0.1328,0.182,23.0,21.0,15.0
2021,7,413.23,-0.4999999999999997,-0.8660254037844388,60,537.03,600.29,266.33,17.0072,17.3429,17.3398,24.69,24.8117,23.7584,1.1665,1.1454,1.1993,1.2189,2.44,4.7035,76.7137,81.8845,83.0972,1.6993,6.2728,9.5186,114.0262,182.1831,57.4815,0.8563,14.0355,7.2093,114.8826,196.2185,64.6908,5.65,7.5281,4.8391,0.7888,0.5108,33.7737,0.2552,0.136,0.0698,23.0,19.0,13.0
2021,8,353.319,-0.8660254037844385,-0.5000000000000004,61,413.23,596.04,379.86,16.8067,17.4264,17.8914,25.0972,25.2801,26.4875,1.3513,1.2001,1.0784,0.4365,0.9844,1.6768,70.8305,77.0159,78.9786,1.1641,2.6433,6.3262,298.5247,13.6699,252.9679,8.757,5.714,96.2861,307.2817,19.3839,349.254,0.0013,0.2277,45.0351,0.0021,0.2596,57.9744,0.2466,0.0378,0.0593,11.0,23.0,19.0
2021,9,333.16,-1.0,-1.8369701987210297e-16,62,353.319,537.03,542.569,17.6697,17.0072,17.2031,26.5912,24.69,24.1418,1.3243,1.1665,1.0885,0.5936,1.2189,3.1245,69.6221,76.7137,82.3796,2.5808,1.6993,8.3469,124.8582,114.0262,258.4215,1.8396,0.8563,53.2282,126.6978,114.8826,311.6496,1.4845,5.65,27.6466,4.9899,0.7888,23.0936,0.2062,0.2552,0.1328,19.0,23.0,21.0
2021,10,283.819,-0.8660254037844386,0.5000000000000001,63,333.16,413.23,600.29,18.0833,16.8067,17.3429,26.5689,25.0972,24.8117,1.4086,1.3513,1.1454,0.7824,0.4365,2.44,70.0872,70.8305,81.8845,5.5117,1.1641,6.2728,120.4704,298.5247,182.1831,8.2541,8.757,14.0355,128.7246,307.2817,196.2185,2.0636,0.0013,7.5281,8.5212,0.0021,0.5108,0.0838,0.2466,0.136,21.0,11.0,19.0
2021,11,213.94,-0.5000000000000004,0.8660254037844384,64,283.819,353.319,596.04,18.8283,17.6697,17.4264,28.0091,26.5912,25.2801,1.3125,1.3243,1.2001,1.3047,0.5936,0.9844,72.3135,69.6221,77.0159,4.5719,2.5808,2.6433,46.4608,124.8582,13.6699,44.2785,1.8396,5.714,90.7393,126.6978,19.3839,0.6106,1.4845,0.2277,1.4643,4.9899,0.2596,0.1508,0.2062,0.0378,11.0,19.0,23.0
2021,12,205.93,-2.4492935982947064e-16,1.0,65,213.94,333.16,537.03,18.0178,18.0833,17.0072,25.8423,26.5689,24.69,1.1298,1.4086,1.1665,2.1457,0.7824,1.2189,75.6406,70.0872,76.7137,2.3346,5.5117,1.6993,45.1126,120.4704,114.0262,6.2789,8.2541,0.8563,51.3914,128.7246,114.8826,0.0847,2.0636,5.65,2.4606,8.5212,0.7888,0.104,0.0838,0.2552,14.0,21.0,23.0
2022,1,299.57,0.49999999999999994,0.8660254037844387,66,205.93,283.819,413.23,18.2203,18.8283,16.8067,26.4574,28.0091,25.0972,1.1383,1.3125,1.3513,2.258,1.3047,0.4365,77.1049,72.3135,70.8305,3.6246,4.5719,1.1641,40.9544,46.4608,298.5247,35.0148,44.2785,8.757,75.9692,90.7393,307.2817,36.3235,0.6106,0.0013,45.3182,1.4643,0.0021,0.2177,0.1508,0.2466,16.0,11.0,11.0
2022,2,408.91,0.8660254037844386,0.5000000000000001,67,299.57,213.94,353.319,18.0244,18.0178,17.6697,27.5023,25.8423,26.5912,1.2143,1.1298,1.3243,1.7063,2.1457,0.5936,76.0378,75.6406,69.6221,3.6459,2.3346,2.5808,28.2233,45.1126,124.8582,20.4788,6.2789,1.8396,48.702,51.3914,126.6978,0.1715,0.0847,1.4845,0.4345,2.4606,4.9899,0.1485,0.104,0.2062,18.0,14.0,19.0
2022,3,574.79,1.0,6.123233995736766e-17,68,408.91,205.93,333.16,17.4766,18.2203,18.0833,25.3713,26.4574,26.5689,1.1806,1.1383,1.4086,2.7232,2.258,0.7824,80.7078,77.1049,70.0872,6.8348,3.6246,5.5117,35.5693,40.9544,120.4704,3.4051,35.0148,8.2541,38.9743,75.9692,128.7246,0.2434,36.3235,2.0636,0.5846,45.3182,8.5212,0.1212,0.2177,0.0838,17.0,16.0,21.0
2022,4,636.74,0.8660254037844387,-0.4999999999999998,69,574.79,299.57,283.819,17.3509,18.0244,18.8283,24.7877,27.5023,28.0091,1.0718,1.2143,1.3125,2.8992,1.7063,1.3047,81.7725,76.0378,72.3135,8.2108,3.6459,4.5719,183.746,28.2233,46.4608,89.8633,20.4788,44.2785,273.6092,48.702,90.7393,63.2286,0.1715,0.6106,30.7371,0.4345,1.4643,0.0169,0.1485,0.1508,26.0,18.0,11.0
2022,5,619.3,0.49999999999999994,-0.8660254037844387,70,636.74,408.91,213.94,17.5754,17.4766,18.0178,25.2244,25.3713,25.8423,1.1749,1.1806,1.1298,2.2486,2.7232,2.1457,79.7718,80.7078,75.6406,4.4882,6.8348,2.3346,168.2254,35.5693,45.1126,13.481,3.4051,6.2789,181.7064,38.9743,51.3914,4.148,0.2434,0.0847,2.4627,0.5846,2.4606,0.1029,0.1212,0.104,11.0,17.0,14.0
2022,6,552.96,1.2246467991473532e-16,-1.0,71,619.3,574.79,205.93,17.2194,17.3509,18.2203,24.766,24.7877,26.4574,1.1448,1.0718,1.1383,1.2767,2.8992,2.258,77.442,81.7725,77.1049,2.9836,8.2108,3.6246,33.3186,183.746,40.9544,20.5092,89.8633,35.0148,53.8278,273.6092,75.9692,11.5314,63.2286,36.3235,8.073,30.7371,45.3182,0.0422,0.0169,0.2177,24.0,26.0,16.0
2022,7,420.22,-0.4999999999999997,-0.8660254037844388,72,552.96,636.74,299.57,16.3495,17.5754,18.0244,24.7364,25.2244,27.5023,1.1434,1.1749,1.2143,0.976,2.2486,1.7063,74.7918,79.7718,76.0378,2.5241,4.4882,3.6459,661.4521,168.2254,28.2233,3.6235,13.481,20.4788,665.0756,181.7064,48.702,3.6251,4.148,0.1715,7.2389,2.4627,0.4345,0.0514,0.1029,0.1485,18.0,11.0,18.0
2022,8,349.54,-0.8660254037844385,-0.5000000000000004,73,420.22,619.3,408.91,17.3242,17.2194,17.4766,25.4385,24.766,25.3713,1.2404,1.1448,1.1806,0.8418,1.2767,2.7232,72.1448,77.442,80.7078,1.855,2.9836,6.8348,100.9734,33.3186,35.5693,2.0323,20.5092,3.4051,103.0058,53.8278,38.9743,2.0382,11.5314,0.2434,3.3061,8.073,0.5846,0.15,0.0422,0.1212,16.0,24.0,17.0
2022,9,301.21,-1.0,-1.8369701987210297e-16,74,349.54,552.96,574.79,17.3209,16.3495,17.3509,26.0277,24.7364,24.7877,1.356,1.1434,1.0718,0.6704,0.976,2.8992,68.7947,74.7918,81.7725,2.1982,2.5241,8.2108,83.7851,661.4521,183.746,4.8342,3.6235,89.8633,88.6193,665.0756,273.6092,1.2049,3.6251,63.2286,1.4617,7.2389,30.7371,0.0539,0.0514,0.0169,16.0,18.0,26.0
2022,10,284.08,-0.8660254037844386,0.5000000000000001,75,301.21,420.22,636.74,18.3003,17.3242,17.5754,26.7498,25.4385,25.2244,1.308,1.2404,1.1749,0.3538,0.8418,2.2486,69.4565,72.1448,79.7718,2.2546,1.855,4.4882,25.9888,100.9734,168.2254,12.9437,2.0323,13.481,38.9324,103.0058,181.7064,0.9897,2.0382,4.148,38.2399,3.3061,2.4627,0.193,0.15,0.1029,23.0,16.0,11.0
2022,11,205.78,-0.5000000000000004,0.8660254037844384,76,284.08,349.54,619.3,18.4954,17.3209,17.2194,27.7229,26.0277,24.766,1.2187,1.356,1.1448,1.0319,0.6704,1.2767,70.3882,68.7947,77.442,2.4368,2.1982,2.9836,46.4294,83.7851,33.3186,68.5822,4.8342,20.5092,115.0116,88.6193,53.8278,0.2762,1.2049,11.5314,0.7023,1.4617,8.073,-0.0394,0.0539,0.0422,18.0,16.0,24.0
2022,12,223.69,-2.4492935982947064e-16,1.0,77,205.78,301.21,552.96,18.3753,18.3003,16.3495,27.5647,26.7498,24.7364,1.2354,1.308,1.1434,1.2029,0.3538,0.976,67.6882,69.4565,74.7918,3.0143,2.2546,2.5241,53.6984,25.9888,661.4521,12.8794,12.9437,3.6235,66.5778,38.9324,665.0756,32.7841,0.9897,3.6251,55.2915,38.2399,7.2389,0.1874,0.193,0.0514,21.0,23.0,18.0
2023,1,296.48,0.49999999999999994,0.8660254037844387,78,223.69,284.08,420.22,18.1066,18.4954,17.3242,26.7646,27.7229,25.4385,1.2076,1.2187,1.2404,1.2595,1.0319,0.8418,73.2244,70.3882,72.1448,1.2298,2.4368,1.855,14.9403,46.4294,100.9734,4.2504,68.5822,2.0323,19.1907,115.0116,103.0058,0.2986,0.2762,2.0382,0.4464,0.7023,3.3061,-0.2075,-0.0394,0.15,20.0,18.0,16.0
2023,2,420.539,0.8660254037844386,0.5000000000000001,79,296.48,205.78,349.54,17.5568,18.3753,17.3209,25.7098,27.5647,26.0277,1.1207,1.2354,1.356,3.0032,1.2029,0.6704,77.8499,67.6882,68.7947,3.4678,3.0143,2.1982,26.2348,53.6984,83.7851,8.5016,12.8794,4.8342,34.7365,66.5778,88.6193,0.1119,32.7841,1.2049,5.2844,55.2915,1.4617,0.0819,0.1874,0.0539,27.0,21.0,16.0
2023,3,577.94,1.0,6.123233995736766e-17,80,420.539,223.69,301.21,17.8538,18.1066,18.3003,25.2779,26.7646,26.7498,1.2201,1.2076,1.308,2.1396,1.2595,0.3538,80.0894,73.2244,69.4565,10.1892,1.2298,2.2546,87.674,14.9403,25.9888,37.5232,4.2504,12.9437,125.1972,19.1907,38.9324,21.6264,0.2986,0.9897,35.5989,0.4464,38.2399,0.085,-0.2075,0.193,33.0,20.0,23.0
2023,4,663.15,0.8660254037844387,-0.4999999999999998,81,577.94,296.48,284.08,17.6286,17.5568,18.4954,25.3258,25.7098,27.7229,1.0852,1.1207,1.2187,3.0992,3.0032,1.0319,82.1247,77.8499,70.3882,14.6334,3.4678,2.4368,1851.1714,26.2348,46.4294,863.7454,8.5016,68.5822,2714.9168,34.7365,115.0116,237.349,0.1119,0.2762,150.5981,5.2844,0.7023,-0.0202,0.0819,-0.0394,41.0,27.0,18.0
2023,5,602.79,0.49999999999999994,-0.8660254037844387,82,663.15,420.539,205.78,17.8687,17.8538,18.3753,25.577,25.2779,27.5647,1.0421,1.2201,1.2354,2.2389,2.1396,1.2029,80.4589,80.0894,67.6882,6.1579,10.1892,3.0143,469.4512,87.674,53.6984,236.0471,37.5232,12.8794,705.4983,125.1972,66.5778,267.5779,21.6264,32.7841,199.5851,35.5989,55.2915,0.1596,0.085,0.1874,28.0,33.0,21.0
2023,6,567.439,1.2246467991473532e-16,-1.0,83,602.79,577.94,223.69,18.1968,17.6286,18.1066,25.9162,25.3258,26.7646,1.1522,1.0852,1.2076,1.342,3.0992,1.2595,77.3714,82.1247,73.2244,5.991,14.6334,1.2298,100.3218,1851.1714,14.9403,51.1882,863.7454,4.2504,151.51,2714.9168,19.1907,16.0326,237.349,0.2986,10.877,150.5981,0.4464,0.0875,-0.0202,-0.2075,27.0,41.0,20.0
2023,7,414.809,-0.4999999999999997,-0.8660254037844388,84,567.439,663.15,296.48,17.4637,17.8687,17.5568,25.2749,25.577,25.7098,1.2311,1.0421,1.1207,0.4869,2.2389,3.0032,72.3075,80.4589,77.8499,2.9184,6.1579,3.4678,70.2479,469.4512,26.2348,16.7644,236.0471,8.5016,87.0123,705.4983,34.7365,7.754,267.5779,0.1119,11.6732,199.5851,5.2844,0.0473,0.1596,0.0819,21.0,28.0,27.0
2023,8,328.31,-0.8660254037844385,-0.5000000000000004,85,414.809,602.79,420.539,18.3375,18.1968,17.8538,26.2196,25.9162,25.2779,1.3309,1.1522,1.2201,0.9748,1.342,2.1396,70.8689,77.3714,80.0894,1.8211,5.991,10.1892,36.1848,100.3218,87.674,15.218,51.1882,37.5232,51.4028,151.51,125.1972,14.3282,16.0326,21.6264,17.3382,10.877,35.5989,-0.0548,0.0875,0.085,27.0,27.0,33.0
2023,9,315.879,-1.0,-1.8369701987210297e-16,86,328.31,567.439,577.94,18.7982,17.4637,17.6286,27.7386,25.2749,25.3258,1.2932,1.2311,1.0852,0.3925,0.4869,3.0992,68.9258,72.3075,82.1247,2.3485,2.9184,14.6334,38.2823,70.2479,1851.1714,6.5925,16.7644,863.7454,44.8748,87.0123,2714.9168,9.2236,7.754,237.349,25.0545,11.6732,150.5981,-0.0313,0.0473,-0.0202,32.0,21.0,41.0
2023,10,259.77,-0.8660254037844386,0.5000000000000001,87,315.879,414.809,663.15,19.4035,18.3375,17.8687,27.7435,26.2196,25.577,1.4031,1.3309,1.0421,0.6421,0.9748,2.2389,68.2421,70.8689,80.4589,7.9259,1.8211,6.1579,139.7956,36.1848,469.4512,23.7287,15.218,236.0471,163.5243,51.4028,705.4983,12.583,14.3282,267.5779,31.2121,17.3382,199.5851,-0.1336,-0.0548,0.1596,29.0,27.0,28.0
2023,11,206.38,-0.5000000000000004,0.8660254037844384,88,259.77,328.31,602.79,19.9152,18.7982,18.1968,28.4627,27.7386,25.9162,1.397,1.2932,1.1522,1.1335,0.3925,1.342,70.4567,68.9258,77.3714,6.2224,2.3485,5.991,87.2935,38.2823,100.3218,22.4746,6.5925,51.1882,109.7681,44.8748,151.51,4.1354,9.2236,16.0326,11.7371,25.0545,10.877,0.1047,-0.0313,0.0875,19.0,32.0,27.0
2023,12,224.3,-2.4492935982947064e-16,1.0,89,206.38,315.879,567.439,19.4863,19.4035,17.4637,27.8812,27.7435,25.2749,1.3492,1.4031,1.2311,1.5706,0.6421,0.4869,73.0423,68.2421,72.3075,4.0038,7.9259,2.9184,36.2844,139.7956,70.2479,30.782,23.7287,16.7644,67.0664,163.5243,87.0123,10.1415,12.583,7.754,17.9739,31.2121,11.6732,-0.0729,-0.1336,0.0473,26.0,29.0,21.0
2024,1,322.41,0.49999999999999994,0.8660254037844387,90,224.3,259.77,414.809,18.8584,19.9152,18.3375,26.5803,28.4627,26.2196,1.2512,1.397,1.3309,2.7227,1.1335,0.9748,78.635,70.4567,70.8689,2.8747,6.2224,1.8211,56.1084,87.2935,36.1848,19.4839,22.4746,15.218,75.5924,109.7681,51.4028,4.2852,4.1354,14.3282,14.9143,11.7371,17.3382,-0.0558,0.1047,-0.0548,28.0,19.0,27.0
2024,2,444.66,0.8660254037844386,0.5000000000000001,91,322.41,206.38,328.31,19.3726,19.4863,18.7982,27.6309,27.8812,27.7386,1.3153,1.3492,1.2932,2.0315,1.5706,0.3925,77.925,73.0423,68.9258,2.5871,4.0038,2.3485,94.9299,36.2844,38.2823,7.4012,30.782,6.5925,102.3311,67.0664,44.8748,12.2556,10.1415,9.2236,21.7484,17.9739,25.0545,-0.2176,-0.0729,-0.0313,42.0,26.0,32.0
2024,3,626.2,1.0,6.123233995736766e-17,92,444.66,224.3,315.879,19.2022,18.8584,19.4035,28.0947,26.5803,27.7435,1.334,1.2512,1.4031,3.1008,2.7227,0.6421,77.7622,78.635,68.2421,7.4417,2.8747,7.9259,271.5697,56.1084,139.7956,30.0382,19.4839,23.7287,301.6079,75.5924,163.5243,99.2271,4.2852,12.583,128.2545,14.9143,31.2121,-0.0091,-0.0558,-0.1336,35.0,28.0,29.0
2024,4,675.798,0.8660254037844387,-0.4999999999999998,93,626.2,322.41,259.77,19.102,19.3726,19.9152,27.2328,27.6309,28.4627,1.2496,1.3153,1.397,1.8765,2.0315,1.1335,78.1208,77.925,70.4567,9.3648,2.5871,6.2224,299.1173,94.9299,87.2935,45.1526,7.4012,22.4746,344.2699,102.3311,109.7681,156.8848,12.2556,4.1354,233.2,21.7484,11.7371,0.1739,-0.2176,0.1047,30.0,42.0,19.0
2024,5,650.529,0.49999999999999994,-0.8660254037844387,94,675.798,444.66,206.38,19.0986,19.2022,19.4863,26.9029,28.0947,27.8812,1.1461,1.334,1.3492,1.5174,3.1008,1.5706,78.0914,77.7622,73.0423,5.9594,7.4417,4.0038,221.4921,271.5697,36.2844,19.5594,30.0382,30.782,241.0515,301.6079,67.0664,8.5148,99.2271,10.1415,5.3687,128.2545,17.9739,0.1449,-0.0091,-0.0729,33.0,35.0,26.0
2024,6,616.329,1.2246467991473532e-16,-1.0,95,650.529,626.2,224.3,18.9917,19.102,18.8584,27.1262,27.2328,26.5803,1.2096,1.2496,1.2512,1.7652,1.8765,2.7227,75.9608,78.1208,78.635,4.0855,9.3648,2.8747,88.7122,299.1173,56.1084,18.1362,45.1526,19.4839,106.8484,344.2699,75.5924,0.0416,156.8848,4.2852,0.1123,233.2,14.9143,0.1368,0.1739,-0.0558,36.0,30.0,28.0
2024,7,454.679,-0.4999999999999997,-0.8660254037844388,96,616.329,675.798,322.41,18.0632,19.0986,19.3726,26.1972,26.9029,27.6309,1.1717,1.1461,1.3153,1.1112,1.5174,2.0315,71.8752,78.0914,77.925,3.8856,5.9594,2.5871,173.7415,221.4921,94.9299,15.2458,19.5594,7.4012,188.9873,241.0515,102.3311,6.9299,8.5148,12.2556,12.8919,5.3687,21.7484,0.1853,0.1449,-0.2176,30.0,33.0,42.0
2024,8,382.099,-0.8660254037844385,-0.5000000000000004,97,454.679,650.529,444.66,17.4913,18.9917,19.2022,25.8615,27.1262,28.0947,1.3345,1.2096,1.334,0.577,1.7652,3.1008,70.5974,75.9608,77.7622,1.327,4.0855,7.4417,146.5899,88.7122,271.5697,3.6167,18.1362,30.0382,150.2065,106.8484,301.6079,1.059,0.0416,99.2271,4.0378,0.1123,128.2545,0.2425,0.1368,-0.0091,29.0,36.0,35.0
2024,9,439.59,-1.0,-1.8369701987210297e-16,98,382.099,616.329,626.2,18.3494,18.0632,19.102,26.6972,26.1972,27.2328,1.3434,1.1717,1.2496,0.5392,1.1112,1.8765,68.6147,71.8752,78.1208,3.8855,3.8856,9.3648,897.8743,173.7415,299.1173,9.7791,15.2458,45.1526,907.6534,188.9873,344.2699,7.8243,6.9299,156.8848,13.6454,12.8919,233.2,0.0643,0.1853,0.1739,37.0,30.0,30.0
2024,10,294.14,-0.8660254037844386,0.5000000000000001,99,439.59,454.679,675.798,19.119,17.4913,19.0986,27.5515,25.8615,26.9029,1.3784,1.3345,1.1461,0.5469,0.577,1.5174,69.432,70.5974,78.0914,5.8217,1.327,5.9594,1585.0199,146.5899,221.4921,55.0249,3.6167,19.5594,1640.0448,150.2065,241.0515,64.1675,1.059,8.5148,315.6183,4.0378,5.3687,0.1815,0.2425,0.1449,32.0,29.0,33.0
2024,11,229.4,-0.5000000000000004,0.8660254037844384,100,294.14,382.099,650.529,19.4344,18.3494,18.9917,27.9537,26.6972,27.1262,1.3093,1.3434,1.2096,1.2104,0.5392,1.7652,70.5239,68.6147,75.9608,6.2252,3.8855,4.0855,106.2401,897.8743,88.7122,44.5397,9.7791,18.1362,150.7798,907.6534,106.8484,8.0301,7.8243,0.0416,1.5212,13.6454,0.1123,0.0639,0.0643,0.1368,28.0,37.0,36.0
2024,12,243.65,-2.4492935982947064e-16,1.0,101,229.4,439.59,616.329,18.7175,19.119,18.0632,27.6314,27.5515,26.1972,1.1836,1.3784,1.1717,1.8646,0.5469,1.1112,73.3699,69.432,71.8752,3.6769,5.8217,3.8856,151.7274,1585.0199,173.7415,12.6426,55.0249,15.2458,164.37,1640.0448,188.9873,13.8306,64.1675,6.9299,23.6103,315.6183,12.8919,0.1562,0.1815,0.1853,44.0,32.0,30.0
2025,1,337.94,0.49999999999999994,0.8660254037844387,102,243.65,294.14,454.679,18.7403,19.4344,17.4913,26.822,27.9537,25.8615,1.2483,1.3093,1.3345,2.0412,1.2104,0.577,76.5372,70.5239,70.5974,3.907,6.2252,1.327,367.4971,106.2401,146.5899,17.9269,44.5397,3.6167,385.424,150.7798,150.2065,47.1776,8.0301,1.059,317.533,1.5212,4.0378,0.0627,0.0639,0.2425,40.0,28.0,29.0
2025,2,474.59,0.8660254037844386,0.5000000000000001,103,337.94,229.4,382.099,18.2715,18.7175,18.3494,25.8779,27.6314,26.6972,1.2232,1.1836,1.3434,2.0501,1.8646,0.5392,77.388,73.3699,68.6147,7.852,3.6769,3.8855,99.6529,151.7274,897.8743,41.7354,12.6426,9.7791,141.3882,164.37,907.6534,0.0101,13.8306,7.8243,0.6457,23.6103,13.6454,0.0014,0.1562,0.0643,41.0,44.0,37.0
2025,3,658.42,1.0,6.123233995736766e-17,104,474.59,243.65,439.59,18.028,18.7403,19.119,25.9519,26.822,27.5515,1.147,1.2483,1.3784,5.0314,2.0412,0.5469,81.7433,76.5372,69.432,17.0637,3.907,5.8217,1821.7882,367.4971,1585.0199,251.8578,17.9269,55.0249,2073.6459,385.424,1640.0448,17.2819,47.1776,64.1675,24.637,317.533,315.6183,0.1534,0.0627,0.1815,39.0,40.0,32.0
2025,4,730.43,0.8660254037844387,-0.4999999999999998,105,658.42,337.94,294.14,17.6266,18.2715,19.4344,24.507,25.8779,27.9537,1.052,1.2232,1.3093,4.2127,2.0501,1.2104,85.0036,77.388,70.5239,14.9054,7.852,6.2252,3336.2121,99.6529,106.2401,551.1499,41.7354,44.5397,3887.362,141.3882,150.7798,189.2484,0.0101,8.0301,43.6819,0.6457,1.5212,0.2221,0.0014,0.0639,42.0,41.0,28.0
2025,5,684.6,0.49999999999999994,-0.8660254037844387,106,730.43,474.59,229.4,17.6381,18.028,18.7175,24.6107,25.9519,27.6314,1.0898,1.147,1.1836,2.1409,5.0314,1.8646,84.3086,81.7433,73.3699,10.3303,17.0637,3.6769,1303.6515,1821.7882,151.7274,418.5613,251.8578,12.6426,1722.2128,2073.6459,164.37,12.4891,17.2819,13.8306,3.2542,24.637,23.6103,0.0438,0.1534,0.1562,34.0,39.0,44.0
2025,6,655.17,1.2246467991473532e-16,-1.0,107,684.6,658.42,243.65,17.4811,17.6266,18.7403,24.5247,24.507,26.822,1.1724,1.052,1.2483,1.5372,4.2127,2.0412,80.2779,85.0036,76.5372,3.1639,14.9054,3.907,236.1624,3336.2121,367.4971,24.6366,551.1499,17.9269,260.7991,3887.362,385.424,0.207,189.2484,47.1776,0.7254,43.6819,317.533,0.2216,0.2221,0.0627,28.0,42.0,40.0
2025,7,495.03,-0.4999999999999997,-0.8660254037844388,108,655.17,730.43,337.94,16.8125,17.6381,18.2715,24.3223,24.6107,25.8779,1.1688,1.0898,1.2232,2.7814,2.1409,2.0501,81.3595,84.3086,77.388,2.0752,10.3303,7.852,66.4325,1303.6515,99.6529,7.6676,418.5613,41.7354,74.1001,1722.2128,141.3882,0.0,12.4891,0.0101,0.0,3.2542,0.6457,0.2106,0.0438,0.0014,48.0,34.0,41.0
2025,8,415.32,-0.8660254037844385,-0.5000000000000004,109,495.03,684.6,474.59,16.41,17.4811,18.028,24.6663,24.5247,25.9519,1.3445,1.1724,1.147,0.3696,1.5372,5.0314,72.5888,80.2779,81.7433,1.283,3.1639,17.0637,36.2426,236.1624,1821.7882,7.3566,24.6366,251.8578,43.5992,260.7991,2073.6459,1.3808,0.207,17.2819,1.8056,0.7254,24.637,0.1837,0.2216,0.1534,42.0,28.0,39.0
2025,9,374.23,-1.0,-1.8369701987210297e-16,110,415.32,655.17,658.42,17.552,16.8125,17.6266,25.8026,24.3223,24.507,1.3338,1.1688,1.052,0.7725,2.7814,4.2127,72.7217,81.3595,85.0036,2.3646,2.0752,14.9054,387.8738,66.4325,3336.2121,2.0865,7.6676,551.1499,389.9603,74.1001,3887.362,0.7768,0.0,189.2484,1.0383,0.0,43.6819,0.2639,0.2106,0.2221,40.0,48.0,42.0
2025,10,302.72,-0.8660254037844386,0.5000000000000001,111,374.23,495.03,730.43,18.3513,16.41,17.6381,26.2547,24.6663,24.6107,1.4355,1.3445,1.0898,1.1869,0.3696,2.1409,72.1321,72.5888,84.3086,4.6079,1.283,10.3303,75.8712,36.2426,1303.6515,9.2858,7.3566,418.5613,85.1569,43.5992,1722.2128,0.1716,1.3808,12.4891,0.1292,1.8056,3.2542,0.2483,0.1837,0.0438,29.0,42.0,34.0
2025,11,228.65,-0.5000000000000004,0.8660254037844384,112,302.72,415.32,684.6,18.0928,17.552,17.4811,26.3858,25.8026,24.5247,1.2722,1.3338,1.1724,1.766,0.7725,1.5372,76.1423,72.7217,80.2779,5.1196,2.3646,3.1639,64.5811,387.8738,236.1624,9.9813,2.0865,24.6366,74.5624,389.9603,260.7991,0.2126,0.7768,0.207,0.0,1.0383,0.7254,0.2223,0.2639,0.2216,21.0,40.0,28.0
2025,12,256.5,-2.4492935982947064e-16,1.0,113,228.65,374.23,655.17,18.4041,18.3513,16.8125,26.1814,26.2547,24.3223,1.1583,1.4355,1.1688,1.8544,1.1869,2.7814,77.2284,72.1321,81.3595,3.4844,4.6079,2.0752,79.6739,75.8712,66.4325,5.9162,9.2858,7.6676,85.5902,85.1569,74.1001,0.0,0.1716,0.0,0.7416,0.1292,0.0,0.1775,0.2483,0.2106,16.0,29.0,48.0
