cultivar,departamento,provincia,variable_base,periodo_inicio,periodo_fin,resumen_temporal,valor_historico,unidad,n_meses_observados,peso,ranking,peso_acumulado,metodo,version
sutil,PIURA,PIURA,verde_actual_ha,2016-01,2023-12,media,11359.052083333334,ha,96,0.38918638652049464,1,0.38918638652049464,area_media_train_v1,v1
sutil,PIURA,SULLANA,verde_actual_ha,2016-01,2023-12,media,4207.208333333333,ha,96,0.14414831418823973,2,0.5333347007087343,area_media_train_v1,v1
sutil,LAMBAYEQUE,LAMBAYEQUE,verde_actual_ha,2016-01,2023-12,media,2323.6666666666665,ha,96,0.0796139877556352,3,0.6129486884643696,area_media_train_v1,v1
sutil,TUMBES,ZARUMILLA,verde_actual_ha,2016-01,2023-12,media,1971.9816354166667,ha,96,0.06756447644946205,4,0.6805131649138316,area_media_train_v1,v1
sutil,UCAYALI,CORONEL PORTILLO,verde_actual_ha,2016-01,2023-12,media,1498.9117708333333,ha,96,0.05135605079754805,5,0.7318692157113796,area_media_train_v1,v1
sutil,PIURA,MORROPON,verde_actual_ha,2016-01,2023-12,media,1443.4270833333333,ha,96,0.04945502200774017,6,0.7813242377191199,area_media_train_v1,v1
sutil,LORETO,MAYNAS,verde_actual_ha,2016-01,2023-12,media,932.0,ha,96,0.03193239273630125,7,0.8132566304554211,area_media_train_v1,v1
sutil,AMAZONAS,UTCUBAMBA,verde_actual_ha,2016-01,2023-12,media,577.75,ha,96,0.01979499989634984,8,0.8330516303517709,area_media_train_v1,v1
sutil,TUMBES,TUMBES,verde_actual_ha,2016-01,2023-12,media,551.8028958333333,ha,96,0.01890599440212267,9,0.8519576247538936,area_media_train_v1,v1
sutil,UCAYALI,PADRE ABAD,verde_actual_ha,2016-01,2023-12,media,510.33093749999995,ha,96,0.017485072877397864,10,0.8694426976312915,area_media_train_v1,v1
sutil,LORETO,ALTO AMAZONAS,verde_actual_ha,2016-01,2023-12,media,480.3541666666667,ha,96,0.01645800204132909,11,0.8859006996726205,area_media_train_v1,v1
sutil,CUSCO,LA CONVENCION,verde_actual_ha,2016-01,2023-12,media,278.5,ha,96,0.00954202937452779,12,0.8954427290471483,area_media_train_v1,v1
sutil,JUNIN,SATIPO,verde_actual_ha,2016-01,2023-12,media,215.4375,ha,96,0.007381367875672641,13,0.902824096922821,area_media_train_v1,v1
sutil,UCAYALI,ATALAYA,verde_actual_ha,2016-01,2023-12,media,204.40625,ha,96,0.007003412717547831,14,0.9098275096403687,area_media_train_v1,v1
sutil,LORETO,UCAYALI,verde_actual_ha,2016-01,2023-12,media,183.0,ha,96,0.0062699869857758906,15,0.9160974966261446,area_media_train_v1,v1
sutil,SAN MARTIN,SAN MARTIN,verde_actual_ha,2016-01,2023-12,media,142.70833333333334,ha,96,0.004889504878479605,16,0.9209870015046242,area_media_train_v1,v1
sutil,JUNIN,CHANCHAMAYO,verde_actual_ha,2016-01,2023-12,media,121.45833333333333,ha,96,0.00416143261920235,17,0.9251484341238265,area_media_train_v1,v1
sutil,TUMBES,CONTRALMIRANTE VILLAR,verde_actual_ha,2016-01,2023-12,media,104.34750000000001,ha,96,0.0035751774152909823,18,0.9287236115391175,area_media_train_v1,v1
sutil,HUANUCO,LEONCIO PRADO,verde_actual_ha,2016-01,2023-12,media,103.0,ha,96,0.0035290090684968124,19,0.9322526206076144,area_media_train_v1,v1
sutil,MADRE DE DIOS,TAMBOPATA,verde_actual_ha,2016-01,2023-12,media,96.48958333333333,ha,96,0.003305947714551575,20,0.935558568322166,area_media_train_v1,v1
sutil,LORETO,LORETO,verde_actual_ha,2016-01,2023-12,media,92.0,ha,96,0.0031521246048709394,21,0.9387106929270369,area_media_train_v1,v1
sutil,PIURA,AYABACA,verde_actual_ha,2016-01,2023-12,media,86.5,ha,96,0.002963682373058003,22,0.9416743753000949,area_media_train_v1,v1
sutil,SAN MARTIN,LAMAS,verde_actual_ha,2016-01,2023-12,media,85.75520833333333,ha,96,0.0029381641541666673,23,0.9446125394542616,area_media_train_v1,v1
sutil,SAN MARTIN,PICOTA,verde_actual_ha,2016-01,2023-12,media,84.11458333333333,ha,96,0.0028819526929724677,24,0.947494492147234,area_media_train_v1,v1
sutil,SAN MARTIN,MOYOBAMBA,verde_actual_ha,2016-01,2023-12,media,82.23958333333333,ha,96,0.0028177110230362392,25,0.9503122031702702,area_media_train_v1,v1
sutil,LORETO,MARISCAL RAMON CASTILLA,verde_actual_ha,2016-01,2023-12,media,69.0,ha,96,0.0023640934536532047,26,0.9526762966239234,area_media_train_v1,v1
sutil,LA LIBERTAD,VIRU,verde_actual_ha,2016-01,2023-12,media,65.671875,ha,96,0.002250064489516399,27,0.9549263611134398,area_media_train_v1,v1
sutil,LORETO,REQUENA,verde_actual_ha,2016-01,2023-12,media,64.16666666666667,ha,96,0.0021984927044842602,28,0.957124853817924,area_media_train_v1,v1
sutil,ANCASH,CASMA,verde_actual_ha,2016-01,2023-12,media,58.614583333333336,ha,96,0.002008265981839762,29,0.9591331197997638,area_media_train_v1,v1
sutil,LORETO,DATEM DEL MARAÑON,verde_actual_ha,2016-01,2023-12,media,50.0,ha,96,0.0017131111982994236,30,0.9608462309980632,area_media_train_v1,v1
sutil,SAN MARTIN,BELLAVISTA,verde_actual_ha,2016-01,2023-12,media,47.571875000000006,ha,96,0.001629918235732008,31,0.9624761492337952,area_media_train_v1,v1
sutil,SAN MARTIN,HUALLAGA,verde_actual_ha,2016-01,2023-12,media,47.15625,ha,96,0.0016156779988961438,32,0.9640918272326914,area_media_train_v1,v1
sutil,AMAZONAS,CHACHAPOYAS,verde_actual_ha,2016-01,2023-12,media,43.0,ha,96,0.0014732756305375042,33,0.9655651028632288,area_media_train_v1,v1
sutil,PIURA,HUANCABAMBA,verde_actual_ha,2016-01,2023-12,media,40.166666666666664,ha,96,0.0013761993293005368,34,0.9669413021925294,area_media_train_v1,v1
sutil,CAJAMARCA,CHOTA,verde_actual_ha,2016-01,2023-12,media,37.385416666666664,ha,96,0.0012809075188951315,35,0.9682222097114245,area_media_train_v1,v1
sutil,APURIMAC,CHINCHEROS,verde_actual_ha,2016-01,2023-12,media,36.815104166666664,ha,96,0.0012613673442895285,36,0.969483577055714,area_media_train_v1,v1
sutil,UCAYALI,PURUS,verde_actual_ha,2016-01,2023-12,media,33.473958333333336,ha,96,0.0011468922574448329,37,0.9706304693131588,area_media_train_v1,v1
sutil,AMAZONAS,BAGUA,verde_actual_ha,2016-01,2023-12,media,33.161458333333336,ha,96,0.0011361853124554615,38,0.9717666546256142,area_media_train_v1,v1
sutil,SAN MARTIN,MARISCAL CACERES,verde_actual_ha,2016-01,2023-12,media,31.5625,ha,96,0.001081401443926511,39,0.9728480560695407,area_media_train_v1,v1
sutil,MADRE DE DIOS,TAHUAMANU,verde_actual_ha,2016-01,2023-12,media,30.958333333333332,ha,96,0.001060701350280393,40,0.9739087574198211,area_media_train_v1,v1
sutil,APURIMAC,ABANCAY,verde_actual_ha,2016-01,2023-12,media,30.291666666666668,ha,96,0.0010378598676364008,41,0.9749466172874575,area_media_train_v1,v1
sutil,ICA,PISCO,verde_actual_ha,2016-01,2023-12,media,30.285416666666666,ha,96,0.0010376457287366134,42,0.9759842630161941,area_media_train_v1,v1
sutil,AMAZONAS,LUYA,verde_actual_ha,2016-01,2023-12,media,30.0,ha,96,0.0010278667189796541,43,0.9770121297351738,area_media_train_v1,v1
sutil,CAJAMARCA,SAN MIGUEL,verde_actual_ha,2016-01,2023-12,media,30.0,ha,96,0.0010278667189796541,44,0.9780399964541535,area_media_train_v1,v1
sutil,MADRE DE DIOS,MANU,verde_actual_ha,2016-01,2023-12,media,28.544270833333332,ha,96,0.000977990200237499,45,0.979017986654391,area_media_train_v1,v1
sutil,LORETO,PUTUMAYO,verde_actual_ha,2016-01,2023-12,media,26.0,ha,96,0.0008908178231157003,46,0.9799088044775067,area_media_train_v1,v1
sutil,SAN MARTIN,TOCACHE,verde_actual_ha,2016-01,2023-12,media,25.583333333333332,ha,96,0.000876541896463205,47,0.98078534637397,area_media_train_v1,v1
sutil,APURIMAC,ANDAHUAYLAS,verde_actual_ha,2016-01,2023-12,media,21.953125,ha,96,0.0007521628855033407,48,0.9815375092594734,area_media_train_v1,v1
sutil,JUNIN,HUANCAYO,verde_actual_ha,2016-01,2023-12,media,21.71875,ha,96,0.0007441326767613121,49,0.9822816419362347,area_media_train_v1,v1
sutil,LA LIBERTAD,CHEPEN,verde_actual_ha,2016-01,2023-12,media,21.48876404494382,ha,89,0.0007362528464601455,50,0.9830178947826949,area_media_train_v1,v1
sutil,SAN MARTIN,RIOJA,verde_actual_ha,2016-01,2023-12,media,21.34375,ha,96,0.0007312843427740664,51,0.9837491791254689,area_media_train_v1,v1
sutil,HUANUCO,HUAMALIES,verde_actual_ha,2016-01,2023-12,media,21.208333333333332,ha,96,0.0007266446666120054,52,0.9844758237920809,area_media_train_v1,v1
sutil,ICA,ICA,verde_actual_ha,2016-01,2023-12,media,21.011666666666667,ha,96,0.0007199064292320277,53,0.9851957302213129,area_media_train_v1,v1
sutil,HUANCAVELICA,TAYACAJA,verde_actual_ha,2016-01,2023-12,media,20.5625,ha,96,0.000704516980300638,54,0.9859002472016135,area_media_train_v1,v1
sutil,LIMA,HUAURA,verde_actual_ha,2016-01,2023-12,media,20.489583333333332,ha,96,0.0007020186931364512,55,0.98660226589475,area_media_train_v1,v1
sutil,AYACUCHO,LA MAR,verde_actual_ha,2016-01,2023-12,media,18.52541666666667,ha,96,0.000634721974896589,56,0.9872369878696465,area_media_train_v1,v1
sutil,LAMBAYEQUE,FERREÑAFE,verde_actual_ha,2016-01,2023-12,media,18.375,ha,96,0.0006295683653750381,57,0.9878665562350216,area_media_train_v1,v1
sutil,LA LIBERTAD,SANCHEZ CARRION,verde_actual_ha,2016-01,2023-12,media,16.791666666666668,ha,96,0.0005753198440955565,58,0.9884418760791172,area_media_train_v1,v1
sutil,ICA,NASCA,verde_actual_ha,2016-01,2023-12,media,16.34,ha,96,0.0005598447396042516,59,0.9890017208187214,area_media_train_v1,v1
sutil,CAJAMARCA,JAEN,verde_actual_ha,2016-01,2023-12,media,16.0,ha,96,0.0005481955834558156,60,0.9895499164021773,area_media_train_v1,v1
sutil,CAJAMARCA,CAJABAMBA,verde_actual_ha,2016-01,2023-12,media,15.941666666666668,ha,96,0.0005461969537244662,61,0.9900961133559018,area_media_train_v1,v1
sutil,SAN MARTIN,EL DORADO,verde_actual_ha,2016-01,2023-12,media,14.447916666666666,ha,96,0.0004950177566752709,62,0.990591131112577,area_media_train_v1,v1
sutil,LA LIBERTAD,BOLIVAR,verde_actual_ha,2016-01,2023-12,media,13.192708333333334,ha,96,0.0004520115276346292,63,0.9910431426402116,area_media_train_v1,v1
sutil,CAJAMARCA,SAN IGNACIO,verde_actual_ha,2016-01,2023-12,media,13.135416666666666,ha,96,0.000450048587719911,64,0.9914931912279316,area_media_train_v1,v1
sutil,AYACUCHO,LUCANAS,verde_actual_ha,2016-01,2023-12,media,12.822916666666666,ha,96,0.00043934164273053963,65,0.9919325328706621,area_media_train_v1,v1
sutil,ANCASH,HUAYLAS,verde_actual_ha,2016-01,2023-12,media,12.0,ha,96,0.00041114668759186163,66,0.992343679558254,area_media_train_v1,v1
sutil,AYACUCHO,HUANTA,verde_actual_ha,2016-01,2023-12,media,11.6115625,ha,96,0.00039783795497007297,67,0.992741517513224,area_media_train_v1,v1
sutil,HUANUCO,HUANUCO,verde_actual_ha,2016-01,2023-12,media,11.5,ha,96,0.00039401557560886743,68,0.993135533088833,area_media_train_v1,v1
sutil,LA LIBERTAD,PATAZ,verde_actual_ha,2016-01,2023-12,media,11.190104166666666,ha,96,0.0003833978551610741,69,0.993518930943994,area_media_train_v1,v1
sutil,AREQUIPA,LA UNION,verde_actual_ha,2016-01,2023-12,media,10.0,ha,96,0.0003426222396598847,70,0.9938615531836539,area_media_train_v1,v1
sutil,PASCO,OXAPAMPA,verde_actual_ha,2016-01,2023-12,media,10.0,ha,96,0.0003426222396598847,71,0.9942041754233137,area_media_train_v1,v1
sutil,CAJAMARCA,SAN MARCOS,verde_actual_ha,2016-01,2023-12,media,9.270833333333334,ha,96,0.0003176393680180181,72,0.9945218147913317,area_media_train_v1,v1
sutil,HUANUCO,HUACAYBAMBA,verde_actual_ha,2016-01,2023-12,media,9.0,ha,96,0.00030836001569389625,73,0.9948301748070256,area_media_train_v1,v1
sutil,AYACUCHO,PAUCAR DEL SARA SARA,verde_actual_ha,2016-01,2023-12,media,9.0,ha,96,0.00030836001569389625,74,0.9951385348227195,area_media_train_v1,v1
sutil,HUANUCO,PUERTO INCA,verde_actual_ha,2016-01,2023-12,media,8.791666666666666,ha,96,0.0003012220523676486,75,0.9954397568750871,area_media_train_v1,v1
sutil,AYACUCHO,VILCAS HUAMAN,verde_actual_ha,2016-01,2023-12,media,8.7175,ha,96,0.0002986809374235045,76,0.9957384378125106,area_media_train_v1,v1
sutil,LAMBAYEQUE,CHICLAYO,verde_actual_ha,2016-01,2023-12,media,8.0,ha,96,0.0002740977917279078,77,0.9960125356042385,area_media_train_v1,v1
sutil,MOQUEGUA,GENERAL SANCHEZ CERRO,verde_actual_ha,2016-01,2023-12,media,7.927083333333333,ha,96,0.00027159950456372107,78,0.9962841351088022,area_media_train_v1,v1
sutil,HUANUCO,MARAÑON,verde_actual_ha,2016-01,2023-12,media,6.770833333333333,ha,96,0.00023198380810304694,79,0.9965161189169053,area_media_train_v1,v1
sutil,HUANCAVELICA,CHURCAMPA,verde_actual_ha,2016-01,2023-12,media,6.4375,ha,96,0.00022056306678105078,80,0.9967366819836864,area_media_train_v1,v1
sutil,PIURA,SECHURA,verde_actual_ha,2016-01,2023-12,media,5.96875,ha,96,0.00020450264929699368,81,0.9969411846329833,area_media_train_v1,v1
sutil,PIURA,PAITA,verde_actual_ha,2016-01,2023-12,media,5.75,ha,96,0.00019700778780443371,82,0.9971381924207877,area_media_train_v1,v1
sutil,MOQUEGUA,MARISCAL NIETO,verde_actual_ha,2016-01,2023-12,media,5.494791666666667,ha,96,0.00018826378272978041,83,0.9973264562035175,area_media_train_v1,v1
sutil,LA LIBERTAD,ASCOPE,verde_actual_ha,2016-01,2023-12,media,5.441558441558442,ha,77,0.00018643989404869052,84,0.9975128960975661,area_media_train_v1,v1
sutil,APURIMAC,AYMARAES,verde_actual_ha,2016-01,2023-12,media,5.322916666666667,ha,96,0.00018237496298562615,85,0.9976952710605518,area_media_train_v1,v1
sutil,ICA,CHINCHA,verde_actual_ha,2016-01,2023-12,media,5.024390243902439,ha,82,0.0001721467838291128,86,0.9978674178443809,area_media_train_v1,v1
sutil,ANCASH,SANTA,verde_actual_ha,2016-01,2023-12,media,5.0,ha,96,0.00017131111982994236,87,0.9980387289642109,area_media_train_v1,v1
sutil,PUNO,SANDIA,verde_actual_ha,2016-01,2023-12,media,5.0,ha,96,0.00017131111982994236,88,0.9982100400840408,area_media_train_v1,v1
sutil,CAJAMARCA,SANTA CRUZ,verde_actual_ha,2016-01,2023-12,media,4.552083333333333,ha,96,0.00015596449867851,89,0.9983660045827193,area_media_train_v1,v1
sutil,AYACUCHO,SUCRE,verde_actual_ha,2016-01,2023-12,media,4.394117647058824,ha,85,0.0001505522429564317,90,0.9985165568256757,area_media_train_v1,v1
sutil,HUANCAVELICA,ACOBAMBA,verde_actual_ha,2016-01,2023-12,media,4.0,ha,96,0.0001370488958639539,91,0.9986536057215397,area_media_train_v1,v1
sutil,ANCASH,HUARMEY,verde_actual_ha,2016-01,2023-12,media,4.0,ha,96,0.0001370488958639539,92,0.9987906546174037,area_media_train_v1,v1
sutil,HUANCAVELICA,CASTROVIRREYNA,verde_actual_ha,2016-01,2023-12,media,3.405208333333333,ha,96,0.00011667001056751697,93,0.9989073246279712,area_media_train_v1,v1
sutil,ICA,PALPA,verde_actual_ha,2016-01,2023-12,media,3.197854166666666,ha,96,0.00010956559566890274,94,0.99901689022364,area_media_train_v1,v1
sutil,HUANCAVELICA,ANGARAES,verde_actual_ha,2016-01,2023-12,media,3.03125,ha,96,0.00010385736639690256,95,0.999120747590037,area_media_train_v1,v1
sutil,AREQUIPA,CARAVELI,verde_actual_ha,2016-01,2023-12,media,3.0,ha,96,0.00010278667189796541,96,0.999223534261935,area_media_train_v1,v1
sutil,HUANCAVELICA,HUAYTARA,verde_actual_ha,2016-01,2023-12,media,2.9791666666666665,ha,96,0.00010207287556534064,97,0.9993256071375003,area_media_train_v1,v1
sutil,LIMA,CAÑETE,verde_actual_ha,2016-01,2023-12,media,2.965909090909091,ha,88,0.00010161864153548853,98,0.9994272257790358,area_media_train_v1,v1
sutil,AYACUCHO,HUAMANGA,verde_actual_ha,2016-01,2023-12,media,2.8082291666666666,ha,96,9.62161766561545e-05,99,0.9995234419556919,area_media_train_v1,v1
sutil,CAJAMARCA,CUTERVO,verde_actual_ha,2016-01,2023-12,media,2.75,ha,12,9.422111590646829e-05,100,0.9996176630715984,area_media_train_v1,v1
sutil,LA LIBERTAD,GRAN CHIMU,verde_actual_ha,2016-01,2023-12,media,2.1458333333333335,ha,96,7.352102226035026e-05,101,0.9996911840938587,area_media_train_v1,v1
sutil,AYACUCHO,PARINACOCHAS,verde_actual_ha,2016-01,2023-12,media,2.0659375,ha,96,7.07836133247343e-05,102,0.9997619677071834,area_media_train_v1,v1
sutil,APURIMAC,GRAU,verde_actual_ha,2016-01,2023-12,media,2.0,ha,96,6.852444793197695e-05,103,0.9998304921551153,area_media_train_v1,v1
sutil,LA LIBERTAD,OTUZCO,verde_actual_ha,2016-01,2023-12,media,2.0,ha,96,6.852444793197695e-05,104,0.9998990166030473,area_media_train_v1,v1
sutil,LIMA,LIMA,verde_actual_ha,2016-01,2023-12,media,1.9473684210526316,ha,38,6.67211729863986e-05,105,0.9999657377760337,area_media_train_v1,v1
sutil,PUNO,CARABAYA,verde_actual_ha,2016-01,2023-12,media,1.0,ha,96,3.4262223965988474e-05,106,0.9999999999999997,area_media_train_v1,v1
dulce,JUNIN,CHANCHAMAYO,verde_actual_ha,2016-01,2023-12,media,235.13541666666666,ha,96,0.3310571237586159,1,0.3310571237586159,area_media_train_v1,v1
dulce,JUNIN,SATIPO,verde_actual_ha,2016-01,2023-12,media,154.42708333333334,ha,96,0.21742443891912822,2,0.5484815626777442,area_media_train_v1,v1
dulce,AMAZONAS,UTCUBAMBA,verde_actual_ha,2016-01,2023-12,media,42.0,ha,96,0.0591335809593204,3,0.6076151436370646,area_media_train_v1,v1
dulce,LORETO,REQUENA,verde_actual_ha,2016-01,2023-12,media,38.71875,ha,96,0.05451376994687349,4,0.6621289135839381,area_media_train_v1,v1
dulce,LORETO,MAYNAS,verde_actual_ha,2016-01,2023-12,media,32.0,ha,96,0.04505415692138697,5,0.707183070505325,area_media_train_v1,v1
dulce,CAJAMARCA,SAN IGNACIO,verde_actual_ha,2016-01,2023-12,media,27.791666666666668,ha,96,0.03912906597208999,6,0.746312136477415,area_media_train_v1,v1
dulce,CAJAMARCA,CHOTA,verde_actual_ha,2016-01,2023-12,media,25.302083333333332,ha,96,0.03562387602931281,7,0.7819360125067278,area_media_train_v1,v1
dulce,CAJAMARCA,JAEN,verde_actual_ha,2016-01,2023-12,media,23.0,ha,96,0.032382675287246886,8,0.8143186877939748,area_media_train_v1,v1
dulce,AMAZONAS,BAGUA,verde_actual_ha,2016-01,2023-12,media,22.125,ha,96,0.03115072568392771,9,0.8454694134779025,area_media_train_v1,v1
dulce,LAMBAYEQUE,LAMBAYEQUE,verde_actual_ha,2016-01,2023-12,media,20.0,ha,37,0.028158848075866855,10,0.8736282615537694,area_media_train_v1,v1
dulce,SAN MARTIN,LAMAS,verde_actual_ha,2016-01,2023-12,media,16.3,ha,92,0.022949461181831488,11,0.8965777227356009,area_media_train_v1,v1
dulce,ANCASH,YUNGAY,verde_actual_ha,2016-01,2023-12,media,8.0,ha,96,0.011263539230346743,12,0.9078412619659476,area_media_train_v1,v1
dulce,ANCASH,SANTA,verde_actual_ha,2016-01,2023-12,media,8.0,ha,96,0.011263539230346743,13,0.9191048011962943,area_media_train_v1,v1
dulce,CAJAMARCA,CUTERVO,verde_actual_ha,2016-01,2023-12,media,7.75,ha,96,0.010911553629398406,14,0.9300163548256928,area_media_train_v1,v1
dulce,LAMBAYEQUE,CHICLAYO,verde_actual_ha,2016-01,2023-12,media,7.0,ha,96,0.0098555968265534,15,0.9398719516522461,area_media_train_v1,v1
dulce,ANCASH,CARHUAZ,verde_actual_ha,2016-01,2023-12,media,7.0,ha,96,0.0098555968265534,16,0.9497275484787995,area_media_train_v1,v1
dulce,AMAZONAS,LUYA,verde_actual_ha,2016-01,2023-12,media,5.6475,ha,96,0.007951354725422903,17,0.9576789032042223,area_media_train_v1,v1
dulce,HUANCAVELICA,TAYACAJA,verde_actual_ha,2016-01,2023-12,media,5.614035087719298,ha,57,0.007904238056383678,18,0.965583141260606,area_media_train_v1,v1
dulce,PIURA,HUANCABAMBA,verde_actual_ha,2016-01,2023-12,media,5.0,ha,96,0.007039712018966714,19,0.9726228532795727,area_media_train_v1,v1
dulce,ANCASH,CASMA,verde_actual_ha,2016-01,2023-12,media,3.0,ha,96,0.004223827211380028,20,0.9768466804909527,area_media_train_v1,v1
dulce,SAN MARTIN,MARISCAL CACERES,verde_actual_ha,2016-01,2023-12,media,2.9010416666666665,ha,96,0.004084499577671312,21,0.980931180068624,area_media_train_v1,v1
dulce,HUANCAVELICA,CHURCAMPA,verde_actual_ha,2016-01,2023-12,media,2.84375,ha,96,0.004003836210787318,22,0.9849350162794114,area_media_train_v1,v1
dulce,SAN MARTIN,SAN MARTIN,verde_actual_ha,2016-01,2023-12,media,2.7000000000000006,ha,96,0.0038014444902420264,23,0.9887364607696534,area_media_train_v1,v1
dulce,ANCASH,HUARMEY,verde_actual_ha,2016-01,2023-12,media,2.0,ha,96,0.0028158848075866857,24,0.99155234557724,area_media_train_v1,v1
dulce,PIURA,AYABACA,verde_actual_ha,2016-01,2023-12,media,2.0,ha,96,0.0028158848075866857,25,0.9943682303848267,area_media_train_v1,v1
dulce,LAMBAYEQUE,FERREÑAFE,verde_actual_ha,2016-01,2023-12,media,2.0,ha,96,0.0028158848075866857,26,0.9971841151924133,area_media_train_v1,v1
dulce,LORETO,ALTO AMAZONAS,verde_actual_ha,2016-01,2023-12,media,1.0,ha,96,0.0014079424037933429,27,0.9985920575962067,area_media_train_v1,v1
dulce,SAN MARTIN,PICOTA,verde_actual_ha,2016-01,2023-12,media,1.0,ha,50,0.0014079424037933429,28,1.0,area_media_train_v1,v1
