cultivar,model,MAE,MAE_SD,RMSE,RMSE_SD,RelMAE_N1,RelMAE_N1_SD,MASE_1,MASE_1_SD,RMSSE_1,RMSSE_1_SD,R2,R2_SD,n_seeds,source
dulce,Naive,84.70083333333332,,97.71208075258656,,1.0,,1.1549378675902442,,1.1355122117955936,,0.6685541385529272,,1,exp_001_naive_dulce
dulce,SARIMA_rolling,21.766758544268686,,31.61649514905828,,0.2569839951704767,,0.296800547387012,,0.3674153293985757,,0.9652988772565853,,1,evaluacion_test_sarima_rolling
dulce,XGBoost,59.37888299898872,2.428516362176311,77.20566841823072,3.39414649644755,0.7010424887475181,0.0286716938500366,0.8096605170442164,0.0331140249553616,0.8972071685866917,0.0394433806511422,0.7927143595172393,0.0185914802855526,10,evaluacion_test_gc2_xgboost
dulce,GC3,103.41302536932392,20.63519919562757,125.31811984013208,24.415533992579483,1.220920990970068,0.2436245121039057,1.4100878858071382,0.2813711745019986,1.456322026321876,0.2837329508547032,0.436190324946508,0.1946364044032423,10,evaluacion_test_gc3_ge
dulce,GE,95.58455641850158,20.000874968256166,116.89972202960872,24.059130164291364,1.1284960567310622,0.2361355158047185,1.3033428293449725,0.2727218490858241,1.3584918149091536,0.2795911815234718,0.5075168013444809,0.1808689795495196,10,evaluacion_test_gc3_ge
sutil,Naive,4704.292916666665,,6317.411051514885,,1.0,,1.394041559548128,,1.4589590858330432,,0.47461619342486394,,1,exp_001_naive_sutil
sutil,SARIMA_rolling,3985.016474092458,,4894.896367895475,,0.847102113895606,,1.1808955519515465,,1.1304399020291358,,0.6845827693423121,,1,evaluacion_test_sarima_rolling
sutil,XGBoost,5902.375360913427,140.1281077772615,7010.785261829046,96.96833985607098,1.2546785384052344,0.0297872837128842,1.7490740264099984,0.0415247114418116,1.6190887015523778,0.0223941167224248,0.3528476847647481,0.0178210967336441,10,evaluacion_test_gc2_xgboost
sutil,GC3,7746.000210633411,1528.9899572037657,8684.061051122131,1882.4047724627771,1.6465811861311597,0.3250201431519631,2.2954026046368883,0.4530915872441184,2.005519297248412,0.4347273786057485,-0.0347420882439225,0.4377606877324487,10,evaluacion_test_gc3_ge
sutil,GE,9426.458660834343,1481.7293763496712,10830.15012612058,1837.03489229971,2.0037992590635016,0.3149738765415961,2.793379444126268,0.4390866740709661,2.501142603923257,0.4242495422979163,-0.5840543825687481,0.4780729445586533,10,evaluacion_test_gc3_ge
