cultivar,model,MAE_global,MAE_global_SD,MAE_shock,MAE_shock_SD,MAE_nonshock,MAE_nonshock_SD,Delta_s,Delta_s_SD,n_shock,n_nonshock,n_seeds
dulce,Naive,84.70083333333332,,138.25666666666666,,66.8488888888889,,63.22940545645952,,3,9,1
dulce,SARIMA_rolling,21.766758544268686,,11.603701579716985,,25.15444419911925,,-46.69072312205942,,3,9,1
dulce,XGBoost,59.37888299898872,2.428516362176311,90.1045008222757,4.728703618766244,49.1370103912264,2.437434316527387,51.774419875970544,5.876317865196317,3,9,10
dulce,GC3,103.41302536932392,20.63519919562757,118.94419360397342,34.59245675758291,98.2359692911074,18.361088585388917,13.262076772723509,19.225321367701248,3,9,10
dulce,GE,95.58455641850158,20.000874968256166,99.9075885287912,35.410417781625654,94.14354571507168,17.439509088258525,1.9038214535934928,22.208277768362517,3,9,10
sutil,Naive,4704.291666666666,,11660.15333333333,,2385.6711111111113,,147.86204086693883,,3,9,1
sutil,SARIMA_rolling,3985.016474092458,,7824.4029042181,,2705.22099738391,,96.34555980097971,,3,9,1
sutil,XGBoost,5902.375360913427,140.1281077772615,8296.896516411345,238.36138624894284,5104.201642414121,179.66155250701158,40.61536055595708,4.431079480295427,3,9,10
sutil,GC3,7746.000210633411,1528.9899572037657,5594.109032335084,1475.4493551958126,8463.297270066187,1621.35774589217,-28.10479868172237,9.612912535027826,3,9,10
sutil,GE,9426.458660834343,1481.7293763496712,7908.4878885615635,1569.095554364071,9932.448918258608,1526.747128145939,-16.601238988405935,9.289027886527997,3,9,10
