feature,mean_train,scale_train,var_train
produccion_t_sutil,23431.995422222222,8041.516494927326,64665987.538188264
t_index,44.5,25.979158313283875,674.9166666666666
produccion_t_sutil_lag1,23307.152911111112,8013.343445444353,64213673.17464598
produccion_t_sutil_lag3,23470.544533333334,8016.944854373731,64271404.79806943
produccion_t_sutil_lag6,23892.18188888889,7791.2901705671065,60704202.521975614
T2M_lag1,24.412725555555554,1.1243520551421913,1.264167543902469
T2M_lag3,24.417131111111114,1.1300635856883299,1.277043707698765
T2M_lag6,24.452432222222225,1.1844634535732275,1.4029536728506171
T2M_MAX_lag1,33.50384333333333,0.9903466449290484,0.9807864771222227
T2M_MAX_lag3,33.50857555555555,0.9941214683563141,0.988277493846914
T2M_MAX_lag6,33.52228111111111,1.016473032805587,1.0332174264209881
WS2M_lag1,2.8349322222222217,0.3768176263357169,0.14199152351728397
WS2M_lag3,2.817423333333333,0.37147799786797603,0.13799590290000002
WS2M_lag6,2.796574444444444,0.3742313095046702,0.14004907301358027
PRECTOTCORR_lag1,1.3203188888888888,1.3888841658679694,1.9289992261987647
PRECTOTCORR_lag3,1.3250533333333332,1.387532617850838,1.9252467655999996
PRECTOTCORR_lag6,1.3905522222222224,1.3939045862634114,1.9429699956061723
RH2M_lag1,67.5016611111111,3.809398035230893,14.51151339082099
RH2M_lag3,67.57274444444444,3.761035294322004,14.145386485135802
RH2M_lag6,67.73003222222222,3.727642152556665,13.895316017517287
num_emergencias_lag1,2.717584444444445,4.487840566139952,20.140712947091362
num_emergencias_lag3,2.685236666666667,4.495561870765186,20.21007653387778
num_emergencias_lag6,2.7616477777777777,4.524581013928933,20.47183335160617
personas_afectadas_lag1,1627.3105766666665,6315.25965113703,39882504.4612794
personas_afectadas_lag3,1633.8852444444444,6313.994687753086,39866528.91697419
personas_afectadas_lag6,1815.6271599999998,6455.682741041,41675839.652974635
personas_damnificadas_lag1,414.2586166666666,2337.634860912633,5464536.742954026
personas_damnificadas_lag3,414.1751244444445,2337.6498199023686,5464606.680489576
personas_damnificadas_lag6,421.63490444444443,2337.138540745873,5462216.558639748
total_afectados_lag1,2041.5691944444447,8270.536807015502,68401779.07619816
total_afectados_lag3,2048.0603711111107,8269.281815548067,68381021.74495395
total_afectados_lag6,2237.262067777778,8378.765378027836,70203709.26003796
hectareas_cultivo_perdidas_lag1,53.69309,260.6259190288568,67925.86966963623
hectareas_cultivo_perdidas_lag3,54.90911777777778,260.825203813789,68029.7869445046
hectareas_cultivo_perdidas_lag6,55.03882,260.80218206293364,68017.7781687876
hectareas_cultivo_afectadas_lag1,54.82202888888888,211.11825974525917,44570.91959786672
hectareas_cultivo_afectadas_lag3,53.96107666666667,211.17741961447754,44595.90255502912
hectareas_cultivo_afectadas_lag6,76.46705444444444,289.2723281044064,83678.47980694337
avg_sentiment_lag1,0.08743666666666666,0.1207727760438309,0.014586063433333334
avg_sentiment_lag3,0.08829555555555554,0.11967319008320686,0.014321672424691359
avg_sentiment_lag6,0.08897000000000001,0.11933332444134045,0.014240442322222224
n_noticias_lag1,21.877777777777776,8.326434181138978,69.32950617283952
n_noticias_lag3,21.977777777777778,8.355939707481243,69.82172839506173
n_noticias_lag6,21.066666666666666,8.978740322438208,80.61777777777777
