feature,importance_gain
produccion_t_sutil,0.16473998
T2M_lag6,0.1329794
WS2M_lag3,0.08308739
RH2M_lag3,0.07562211
PRECTOTCORR_lag6,0.058248796
T2M_MAX_lag3,0.049883947
mes_cos,0.04564251
RH2M_lag1,0.032098
personas_afectadas_lag3,0.028220257
t_index,0.025795754
WS2M_lag6,0.025073016
personas_damnificadas_lag6,0.021007074
produccion_t_sutil_lag1,0.019885298
produccion_t_sutil_lag3,0.01930568
personas_damnificadas_lag1,0.018365277
PRECTOTCORR_lag3,0.016606072
hectareas_cultivo_afectadas_lag3,0.01574076
personas_afectadas_lag1,0.015357092
T2M_MAX_lag1,0.014947378
num_emergencias_lag3,0.013949683
hectareas_cultivo_afectadas_lag6,0.013552992
WS2M_lag1,0.0111729605
personas_afectadas_lag6,0.009362627
hectareas_cultivo_perdidas_lag1,0.009106269
T2M_lag3,0.009045755
personas_damnificadas_lag3,0.00823667
hectareas_cultivo_perdidas_lag6,0.008219203
num_emergencias_lag6,0.0081212595
hectareas_cultivo_afectadas_lag1,0.0076806596
hectareas_cultivo_perdidas_lag3,0.0073211463
num_emergencias_lag1,0.006538619
PRECTOTCORR_lag1,0.00536806
RH2M_lag6,0.00519761
T2M_lag1,0.0043442654
produccion_t_sutil_lag6,0.004261041
T2M_MAX_lag6,0.0035587065
mes_sin,0.0023565872
