departamento,provincia,total_emergencias,personas_afectadas,personas_damnificadas,personas_fallecidas,cultivo_ha_afectadas,cultivo_ha_perdidas,viviendas_afectadas,viviendas_destruidas,emergencias_hidromet,peligro_bajas_temperaturas,peligro_erosion,peligro_huayco,peligro_inundacion,peligro_lluvia_intensa,peligro_marejada,peligro_sequia,peligro_tormenta_electrica,peligro_vientos_fuertes,magnitud_impacto
AMAZONAS,BAGUA,943.0,36508.0,6835.0,14.0,8879.09,3768.99,3510.0,1390.0,570,0,7,6,35,252,0,6,0,264,644.2
AMAZONAS,BONGARA,388.0,3611.0,2188.0,76.0,1465.1499999999999,717.5400000000001,942.0,345.0,204,4,6,18,12,133,0,7,0,24,214.79
AMAZONAS,CHACHAPOYAS,1028.0,24473.0,10298.0,15.0,4766.599999999999,3567.1200000000003,3910.0,1974.0,677,67,9,26,28,464,0,2,0,81,737.14
AMAZONAS,CONDORCANQUI,536.0,20638.0,8169.0,18.0,431.75,1493.35,2375.0,1619.0,308,0,3,2,56,100,0,0,0,147,343.57
AMAZONAS,LUYA,697.0,18874.0,7675.0,5.0,5309.099999999999,1990.7699999999998,3532.0,1342.0,395,33,6,7,15,285,0,5,0,44,433.78
AMAZONAS,RODRIGUEZ DE MENDOZA,423.0,6661.0,1744.0,11.0,7023.8,1173.6200000000001,1420.0,299.0,247,3,1,25,38,129,0,0,0,51,265.4
AMAZONAS,UTCUBAMBA,1039.0,21467.0,10312.0,31.0,16535.85,3792.4800000000005,4430.0,1924.0,649,4,9,13,52,344,0,6,0,221,708.39
ANCASH,AIJA,125.0,5436.0,950.0,0.0,162.13099999999997,122.55000000000001,2089.0,239.0,89,4,1,6,1,69,0,0,0,8,95.66
ANCASH,ANTONIO RAYMONDI,123.0,2941.0,313.0,0.0,193.55500000000004,105.40500000000002,656.0,89.0,91,2,5,2,4,69,0,1,0,8,95.0
ANCASH,ASUNCION,90.0,1010.0,71.0,5.0,244.43999999999997,11.409999999999998,230.0,17.0,61,4,2,0,1,48,0,4,0,2,62.12
ANCASH,BOLOGNESI,214.0,12400.0,1215.0,1.0,325.6160000000001,218.715,2880.0,289.0,163,15,0,13,3,118,0,10,0,4,177.59
ANCASH,CARHUAZ,370.0,10567.0,640.0,9.0,469.2549999999999,238.89000000000001,1467.0,159.0,301,21,3,17,5,230,0,0,2,23,313.96
ANCASH,CARLOS FERMIN FITZCARRALD,159.0,7459.0,635.0,16.0,103.49000000000001,37.77,949.0,179.0,124,7,1,3,4,99,0,3,0,7,131.84
ANCASH,CASMA,100.0,19344.0,4418.0,0.0,2617.5,630.05,5205.0,890.0,35,0,0,1,12,15,0,5,0,2,60.64
ANCASH,CORONGO,92.0,5963.0,712.0,1.0,445.2,91.75,1339.0,59.0,72,3,2,3,3,53,0,1,0,7,78.88
ANCASH,HUARAZ,1228.0,344112.0,9392.0,17.0,6521.822000000001,516.77,6529.0,1210.0,903,46,18,5,28,678,0,12,4,112,1252.28
ANCASH,HUARI,428.0,8565.0,1847.0,7.0,581.5979999999998,250.853,1509.0,457.0,322,16,8,9,6,255,0,1,2,25,333.07
ANCASH,HUARMEY,109.0,20102.0,5941.0,12.0,192.23000000000002,430.66,4353.0,575.0,60,1,0,21,5,26,1,0,0,6,84.41
ANCASH,HUAYLAS,223.0,7000.0,562.0,17.0,264.59,67.195,1175.0,152.0,154,5,5,22,3,106,0,5,0,8,161.67
ANCASH,MARISCAL LUZURIAGA,193.0,4327.0,1440.0,1.0,791.3999999999999,396.484,941.0,86.0,140,11,5,9,6,83,0,1,2,23,148.29
ANCASH,OCROS,104.0,5548.0,1262.0,3.0,989.02,261.34000000000003,1991.0,339.0,94,3,1,7,7,72,0,2,0,2,102.16
ANCASH,PALLASCA,200.0,12202.0,1535.0,13.0,522.175,96.96,3322.0,221.0,134,3,7,5,1,100,0,4,0,14,147.17
ANCASH,POMABAMBA,166.0,3980.0,1871.0,5.0,3212.395,1944.9749999999995,728.0,444.0,119,11,6,6,2,77,0,3,3,11,142.43
ANCASH,RECUAY,224.0,8766.0,1170.0,3.0,365.03,120.0,1957.0,288.0,170,19,0,6,3,126,0,2,0,14,179.97
ANCASH,SANTA,303.0,51964.0,15170.0,18.0,5905.523,2524.2430000000004,15412.0,3523.0,111,0,2,24,14,61,7,0,0,3,188.21
ANCASH,SIHUAS,173.0,6794.0,377.0,4.0,720.89,264.15999999999997,1344.0,103.0,122,8,8,10,3,79,0,2,0,12,131.44
ANCASH,YUNGAY,328.0,14225.0,4059.0,6.0,629.9159999999998,184.14300000000003,1773.0,659.0,217,6,8,18,13,148,0,0,2,22,233.07
APURIMAC,ABANCAY,2550.0,425655.0,8198.0,50.0,20710.039999999975,5582.446000000004,8049.0,1116.0,1773,277,53,30,80,920,0,61,15,337,2254.48
APURIMAC,ANDAHUAYLAS,2547.0,747657.0,24573.0,31.0,45428.638,10879.18,9171.0,1291.0,2081,517,10,10,84,745,0,108,13,594,2937.45
APURIMAC,ANTABAMBA,1083.0,253764.0,2501.0,7.0,6400.938999999999,3580.692,2918.0,331.0,915,241,15,8,5,322,0,55,25,244,1204.57
APURIMAC,AYMARAES,1429.0,346414.0,10291.0,32.0,20090.027000000013,7203.255000000001,5524.0,498.0,1238,400,8,25,19,501,0,99,20,166,1656.45
APURIMAC,CHINCHEROS,2173.0,309465.0,6945.0,18.0,16596.323999999982,4485.175000000002,4118.0,1105.0,1640,242,58,32,40,609,0,51,9,599,1994.32
APURIMAC,COTABAMBAS,1618.0,331877.0,4637.0,14.0,24146.815,6199.669,3261.0,971.0,1224,326,46,8,26,442,0,38,38,300,1617.87
APURIMAC,GRAU,1607.0,306266.0,10905.0,9.0,10875.449000000004,1860.1799999999998,2080.0,741.0,1291,372,25,16,34,459,0,91,14,280,1615.87
AREQUIPA,CAMANA,180.0,49019.0,6061.0,18.0,5079.849999999999,1002.21,6847.0,1473.0,156,11,2,6,67,59,5,0,0,6,215.04
AREQUIPA,CARAVELI,266.0,60284.0,7552.0,7.0,2786.29,5077.869999999998,9940.0,820.0,187,31,0,16,19,98,4,10,0,9,298.06
AREQUIPA,CASTILLA,494.0,106005.0,3896.0,3.0,10490.809999999998,3609.92,15201.0,684.0,422,125,1,22,42,201,0,0,1,30,564.1
AREQUIPA,CAYLLOMA,1240.0,341394.0,18516.0,17.0,136934.61999999994,3544.83,46198.0,2065.0,1034,469,1,40,12,405,0,14,13,80,1410.84
AREQUIPA,CONDESUYOS,484.0,135473.0,3029.0,5.0,3032.5399999999995,1113.0250000000003,30716.0,889.0,405,135,1,16,16,201,0,0,8,28,551.6
AREQUIPA,ISLAY,78.0,6097.0,134.0,1.0,1822.06,115.0,333.0,42.0,43,7,0,2,12,14,5,0,0,3,50.25
AREQUIPA,LA UNION,522.0,97253.0,3425.0,7.0,3435.9699999999993,359.00000000000017,11545.0,641.0,440,132,0,29,13,243,0,2,1,20,540.84
AYACUCHO,CANGALLO,858.0,74898.0,4806.0,11.0,40481.55999999999,21332.61999999999,4753.0,1231.0,650,122,6,10,22,268,0,48,2,172,938.22
AYACUCHO,HUAMANGA,1910.0,151814.0,17120.0,38.0,102193.63000000003,23883.915,7939.0,2909.0,1454,191,26,16,69,758,0,64,4,326,1844.65
AYACUCHO,HUANCA SANCOS,241.0,33408.0,794.0,5.0,2504.9459999999995,1095.3459999999998,1073.0,211.0,214,53,3,2,4,114,0,22,7,9,258.36
AYACUCHO,HUANTA,1135.0,69461.0,9034.0,14.0,20342.301,6966.221999999999,5622.0,2351.0,840,79,8,26,62,456,0,49,0,160,979.12
AYACUCHO,LA MAR,1524.0,47287.0,8103.0,9.0,47217.26500000003,9395.434999999994,4262.0,1943.0,1074,85,9,38,79,651,0,49,0,163,1215.24
AYACUCHO,LUCANAS,940.0,109036.0,5027.0,9.0,42027.037999999986,11260.274000000003,9315.0,930.0,842,152,8,38,10,514,0,83,1,36,1063.64
AYACUCHO,PARINACOCHAS,502.0,69881.0,4241.0,1.0,13870.020000000006,7147.729999999999,7857.0,636.0,454,138,1,11,7,206,0,44,2,45,595.36
AYACUCHO,PAUCAR DEL SARA SARA,612.0,46028.0,3793.0,18.0,12504.928,2367.8789999999995,8275.0,1050.0,565,102,2,21,4,359,0,57,1,19,634.71
AYACUCHO,SUCRE,516.0,36350.0,2035.0,8.0,11842.074999999999,2844.691,2234.0,568.0,451,116,1,20,13,195,0,54,2,50,515.8
AYACUCHO,VICTOR FAJARDO,594.0,42669.0,2690.0,3.0,33421.311999999976,2484.2560000000003,2916.0,628.0,492,121,7,7,14,229,0,48,2,64,559.51
AYACUCHO,VILCAS HUAMAN,618.0,50909.0,4799.0,5.0,13182.291999999996,6732.075000000001,4570.0,1070.0,507,93,7,10,6,266,0,39,2,84,625.23
CAJAMARCA,CAJABAMBA,199.0,3726.0,1428.0,5.0,632.4610000000001,455.07499999999993,986.0,328.0,147,5,2,2,27,91,0,0,2,18,155.28
CAJAMARCA,CELENDIN,679.0,23086.0,3650.0,1.0,5082.211999999999,3728.6339999999996,3580.0,564.0,554,32,4,11,18,337,0,1,0,151,614.37
CAJAMARCA,CHOTA,705.0,24426.0,5891.0,15.0,5027.01,2367.22,4389.0,1017.0,541,26,13,9,22,397,0,2,1,71,589.1
CAJAMARCA,CONTUMAZA,375.0,22738.0,1051.0,5.0,1380.5819999999997,3019.5099999999998,2838.0,327.0,335,1,3,5,7,268,0,1,0,50,387.93
CAJAMARCA,CUTERVO,916.0,21338.0,8007.0,34.0,5563.05,1753.75,3314.0,1560.0,637,8,8,11,23,425,0,16,0,146,675.88
CAJAMARCA,HUALGAYOC,267.0,5295.0,1451.0,5.0,35562.5,22142.0,2148.0,384.0,204,10,2,0,17,100,0,0,0,75,430.72
CAJAMARCA,JAEN,1260.0,83957.0,9619.0,20.0,19516.909999999996,2643.85,5956.0,1976.0,933,5,10,39,68,494,0,14,0,303,1043.4
CAJAMARCA,SAN IGNACIO,901.0,29059.0,8982.0,10.0,32736.249999999996,1405.45,3883.0,2631.0,639,5,8,9,19,367,0,1,0,230,682.11
CAJAMARCA,SAN MARCOS,350.0,9471.0,1438.0,7.0,1985.4100000000003,1186.26,855.0,374.0,301,19,3,5,17,223,0,1,0,33,322.33
CAJAMARCA,SAN MIGUEL,522.0,21156.0,3262.0,3.0,4498.74,2502.4790000000003,2423.0,1203.0,426,21,5,12,8,307,0,0,1,72,472.18
CAJAMARCA,SAN PABLO,246.0,3405.0,848.0,1.0,688.72,1040.07,404.0,168.0,166,8,1,8,11,92,0,0,0,46,179.81
CAJAMARCA,SANTA CRUZ,194.0,28286.0,2319.0,11.0,1060.8300000000002,677.0100000000001,5400.0,676.0,141,3,4,1,6,111,0,0,0,16,176.06
CALLAO,PROV. CONST. DEL CALLAO,1099.0,7331.0,7221.0,35.0,0.0,0.0,1891.0,1531.0,83,2,51,0,13,9,8,0,0,0,90.33
CUSCO,ACOMAYO,329.0,140615.0,2669.0,2.0,6859.872000000001,3342.073000000001,2063.0,339.0,276,157,0,0,17,82,0,3,2,15,450.04
CUSCO,ANTA,456.0,87065.0,3494.0,4.0,10805.151999999998,11008.376,3628.0,455.0,342,135,2,7,37,120,0,4,0,37,539.15
CUSCO,CALCA,465.0,97640.0,7585.0,15.0,7373.676000000001,3343.6750000000006,3270.0,930.0,326,162,1,7,38,82,0,4,1,31,457.08
CUSCO,CANAS,1024.0,277838.0,5755.0,10.0,29512.15400000001,22071.276999999987,4606.0,1034.0,726,342,4,1,42,127,0,10,34,166,1224.55
CUSCO,CANCHIS,658.0,161702.0,4237.0,5.0,16551.523,2183.3959999999997,4072.0,585.0,470,251,1,2,73,78,0,9,10,46,653.54
CUSCO,CHUMBIVILCAS,1217.0,251462.0,6346.0,22.0,30344.036999999997,16047.201000000005,3727.0,1343.0,788,369,23,3,32,143,0,9,56,153,1199.93
CUSCO,ESPINAR,736.0,209613.0,3347.0,8.0,19221.09,9920.080000000002,2242.0,348.0,468,262,1,0,21,62,0,12,30,80,776.81
CUSCO,LA CONVENCION,1759.0,152457.0,24022.0,100.0,33586.737000000016,7605.743000000002,7583.0,3006.0,969,108,26,95,141,423,0,24,2,150,1197.51
CUSCO,PARURO,607.0,108930.0,5920.0,27.0,8969.216000000004,3792.2619999999997,2478.0,689.0,449,218,1,9,25,134,0,11,8,43,595.85
CUSCO,PAUCARTAMBO,524.0,117070.0,4826.0,7.0,28774.515000000003,2921.995,1269.0,662.0,356,145,5,9,15,134,0,2,6,40,502.29
CUSCO,QUISPICANCHI,939.0,204942.0,19880.0,19.0,12290.476999999995,2388.5229999999992,10511.0,2419.0,701,328,5,18,64,161,0,9,9,107,929.83
CUSCO,URUBAMBA,258.0,44676.0,3134.0,7.0,5621.331,5739.305000000001,1166.0,637.0,171,83,3,4,18,50,0,0,1,12,273.07
HUANCAVELICA,ACOBAMBA,999.0,253094.0,35330.0,1.0,48669.06500000002,24707.208999999977,17221.0,1627.0,909,284,12,4,10,382,0,49,2,166,1409.17
HUANCAVELICA,ANGARAES,1320.0,176376.0,4068.0,7.0,24760.197999999982,16936.130999999998,17856.0,924.0,1155,382,13,15,25,555,0,55,6,104,1500.74
HUANCAVELICA,CASTROVIRREYNA,1158.0,158457.0,13517.0,17.0,11208.165000000003,3029.912,18290.0,2553.0,1005,310,11,32,15,476,0,54,1,106,1193.76
HUANCAVELICA,CHURCAMPA,1301.0,159352.0,21348.0,8.0,31728.909999999985,19097.590999999997,10701.0,1120.0,1147,307,9,11,15,540,0,57,1,207,1497.33
HUANCAVELICA,HUAYTARA,1042.0,217921.0,11821.0,6.0,11510.837000000005,5823.950999999999,26917.0,2834.0,927,308,1,29,7,412,0,107,4,59,1203.16
HUANCAVELICA,TAYACAJA,1586.0,181715.0,8957.0,22.0,40080.43499999999,23341.724000000006,17207.0,3004.0,1339,325,21,30,28,685,0,59,2,189,1754.13
HUANUCO,AMBO,464.0,90280.0,1877.0,32.0,10103.95,1635.7400000000005,2052.0,411.0,355,125,0,29,17,130,0,10,0,44,461.64
HUANUCO,DOS DE MAYO,441.0,120537.0,2720.0,34.0,11714.472399999997,6548.036599999999,2529.0,655.0,362,162,2,13,11,126,0,0,1,47,548.02
HUANUCO,HUACAYBAMBA,143.0,67162.0,389.0,3.0,2973.388,921.2,561.0,106.0,127,30,1,12,1,55,0,13,0,15,203.37
HUANUCO,HUAMALIES,625.0,122904.0,3720.0,2.0,13023.554999999998,6800.802000000001,3591.0,1176.0,485,134,4,18,43,214,0,3,0,69,675.91
HUANUCO,LAURICOCHA,403.0,103674.0,1167.0,4.0,31950.20500000001,19070.730000000003,3298.0,578.0,310,172,0,4,2,83,0,9,5,35,604.38
HUANUCO,LEONCIO PRADO,832.0,98191.0,10287.0,15.0,28527.264999999996,8304.575,11686.0,1630.0,564,27,5,17,183,142,0,3,1,186,745.24
HUANUCO,MARAÑON,309.0,114239.0,3530.0,7.0,11919.9,3641.22,4026.0,795.0,234,16,7,7,57,92,0,13,0,42,384.65
HUANUCO,PACHITEA,310.0,29248.0,2726.0,9.0,6348.35,2495.12,744.0,787.0,183,54,0,10,3,66,0,3,0,47,237.2
HUANUCO,PUERTO INCA,643.0,84371.0,5563.0,9.0,5119.28,1087.26,4769.0,1003.0,301,6,0,2,110,40,0,3,1,139,396.24
HUANUCO,YAROWILCA,668.0,91006.0,3320.0,2.0,16556.756999999998,8719.035999999998,2716.0,1353.0,450,159,5,7,1,203,0,19,1,55,628.2
ICA,CHINCHA,277.0,86089.0,155665.0,117.0,7901.204000000001,6454.55,17046.0,33327.0,166,33,4,15,52,46,4,7,0,5,316.63
ICA,NASCA,207.0,40307.0,4982.0,13.0,7398.8,1068.85,9359.0,645.0,97,1,0,10,46,30,1,9,0,0,148.0
ICA,PALPA,109.0,40645.0,22689.0,0.0,1038.5420000000001,227.05000000000004,10786.0,178.0,79,6,0,10,11,44,0,7,0,1,121.92
ICA,PISCO,292.0,67444.0,62408.0,303.0,2742.02,172.32,13546.0,12196.0,81,5,3,8,20,29,9,4,0,3,150.17
JUNIN,CHANCHAMAYO,1290.0,42618.0,10845.0,46.0,15346.789999999999,1246.85,5653.0,2318.0,642,25,3,80,68,263,0,0,0,203,697.09
JUNIN,CHUPACA,151.0,47357.0,1514.0,4.0,8901.73,1782.8,1328.0,386.0,137,55,3,3,18,21,0,17,1,19,202.18
JUNIN,CONCEPCION,336.0,51933.0,2858.0,5.0,9703.48,2541.32,1780.0,666.0,271,90,10,8,27,83,0,26,1,26,348.35
JUNIN,HUANCAYO,1033.0,82462.0,12587.0,12.0,6990.389999999998,3459.0399999999995,5992.0,2282.0,831,194,28,14,76,328,0,44,1,146,948.05
JUNIN,JAUJA,535.0,136091.0,6568.0,4.0,15385.93,6505.745000000002,6791.0,1578.0,496,223,3,12,57,119,0,64,1,17,697.15
JUNIN,SATIPO,553.0,25955.0,10150.0,10.0,2454.92,2357.28,4061.0,2044.0,314,8,1,19,45,71,0,1,0,169,363.53
JUNIN,TARMA,213.0,68666.0,452.0,11.0,3415.5279999999993,1097.984,962.0,112.0,173,91,8,7,11,38,0,14,0,4,252.65
JUNIN,YAULI,201.0,39315.0,771.0,0.0,748.62,297.37,685.0,114.0,175,92,1,3,8,49,0,9,0,13,217.29
LA LIBERTAD,ASCOPE,80.0,38962.0,8897.0,1.0,13227.5,8310.5,10896.0,1316.0,55,1,2,0,10,39,1,0,1,1,177.07
LA LIBERTAD,BOLIVAR,138.0,3909.0,1430.0,0.0,1108.5900000000001,838.5500000000001,1057.0,501.0,86,5,2,8,4,50,0,1,0,16,98.29
LA LIBERTAD,CHEPEN,66.0,20120.0,4936.0,0.0,6784.3,529.5,6498.0,1908.0,54,0,0,1,8,45,0,0,0,0,79.42
LA LIBERTAD,GRAN CHIMU,115.0,23959.0,1512.0,0.0,10893.72,5686.485,6559.0,326.0,86,1,0,4,2,64,0,0,0,15,166.82
LA LIBERTAD,JULCAN,91.0,20835.0,1355.0,0.0,1275.26,284.4,3848.0,261.0,87,20,0,0,0,47,0,7,1,12,110.68
LA LIBERTAD,OTUZCO,268.0,16000.0,3477.0,21.0,1070.766,443.5200000000001,4031.0,247.0,230,22,6,9,5,132,0,0,2,54,250.44
LA LIBERTAD,PACASMAYO,38.0,20429.0,12027.0,4.0,24.0,567.0,7796.0,3666.0,32,0,0,0,5,25,1,0,0,1,58.1
LA LIBERTAD,PATAZ,294.0,14573.0,6582.0,22.0,1085.8600000000001,1182.11,3324.0,1632.0,205,12,8,14,6,141,0,1,0,23,231.39
LA LIBERTAD,SANCHEZ CARRION,363.0,8908.0,2733.0,5.0,5230.650000000001,1320.19,1592.0,765.0,287,20,2,8,7,150,0,0,2,98,309.11
LA LIBERTAD,SANTIAGO DE CHUCO,296.0,74932.0,2556.0,7.0,1025.77,986.9899999999999,11250.0,327.0,237,30,7,5,2,153,0,3,0,37,321.8
LA LIBERTAD,TRUJILLO,225.0,144298.0,59802.0,17.0,3147.9,3033.5,31687.0,10001.0,122,1,11,8,14,64,21,0,0,3,296.63
LA LIBERTAD,VIRU,39.0,34117.0,9833.0,0.0,894.45,373.15000000000003,6852.0,2180.0,31,0,0,0,14,16,1,0,0,0,68.85
LAMBAYEQUE,CHICLAYO,633.0,181516.0,27197.0,37.0,7201.055999999999,4666.436000000001,31662.0,5893.0,358,3,39,2,22,214,12,18,0,48,586.18
LAMBAYEQUE,FERREÑAFE,200.0,147509.0,14316.0,8.0,16422.28,9259.415,26942.0,3164.0,148,26,4,1,0,76,0,8,0,33,388.1
LIMA PROVINCIAS,BARRANCA,172.0,8610.0,1988.0,6.0,5210.271000000001,1658.816,2247.0,734.0,50,3,3,12,21,7,4,0,0,0,75.2
LIMA PROVINCIAS,CAJATAMBO,179.0,11156.0,643.0,6.0,362.16,139.17,712.0,181.0,144,30,3,48,3,58,0,0,0,2,156.55
LIMA PROVINCIAS,CANTA,178.0,6988.0,914.0,3.0,358.0,212.576,1156.0,242.0,132,14,3,25,4,80,0,0,0,6,141.11
LIMA PROVINCIAS,CAÑETE,385.0,56588.0,47093.0,12.0,5919.872,1264.776,8354.0,9958.0,152,1,7,56,56,22,6,0,0,4,221.24
LIMA PROVINCIAS,HUARAL,246.0,15608.0,3879.0,13.0,2316.4300000000003,643.72,2712.0,458.0,154,26,7,38,14,52,1,9,0,7,176.05
LIMA PROVINCIAS,HUAROCHIRI,695.0,45029.0,4515.0,17.0,8265.996000000003,5101.227,4959.0,905.0,561,131,8,117,22,255,0,0,1,27,657.04
LIMA PROVINCIAS,HUAURA,469.0,17466.0,2864.0,20.0,2716.3152000000005,839.12,3679.0,995.0,223,35,22,37,31,83,10,0,0,5,248.86
LIMA PROVINCIAS,OYON,196.0,13910.0,3285.0,5.0,1220.2920000000001,657.1199999999998,3089.0,309.0,146,24,3,20,17,74,0,0,0,8,166.48
LIMA PROVINCIAS,YAUYOS,734.0,75015.0,19262.0,9.0,5983.739999999999,2113.8800000000006,10710.0,3515.0,591,149,3,150,31,228,0,3,2,25,687.15
LORETO,ALTO AMAZONAS,646.0,151053.0,31260.0,10.0,5706.05,24193.0,31236.0,3993.0,196,1,13,0,83,11,0,4,0,84,588.98
LORETO,DATEM DEL MARAÑON,227.0,114357.0,10360.0,14.0,17310.0,14498.05,19467.0,684.0,124,1,16,0,58,6,0,5,0,38,383.34
LORETO,MARISCAL RAMON CASTILLA,435.0,107702.0,36239.0,7.0,2674.8,3338.61,26810.0,418.0,197,0,40,0,32,2,0,4,1,118,338.09
LORETO,MAYNAS,1969.0,292977.0,92342.0,59.0,8918.74,20914.56,67724.0,4138.0,770,3,52,0,108,28,0,7,1,571,1272.12
LORETO,PUTUMAYO,109.0,25852.0,1353.0,4.0,336.0,2785.5,4805.0,188.0,48,0,8,0,19,1,0,4,0,16,101.71
LORETO,REQUENA,453.0,209494.0,51300.0,2.0,5344.15,8957.85,47865.0,1459.0,262,3,86,0,79,4,0,10,0,80,561.07
MADRE DE DIOS,MANU,298.0,26048.0,5133.0,30.0,1489.25,872.3,3584.0,903.0,235,20,6,1,77,57,0,5,2,67,269.77
MADRE DE DIOS,TAHUAMANU,139.0,10219.0,589.0,0.0,346.75,716.51,1075.0,98.0,50,3,0,0,17,10,0,2,0,18,67.38
MADRE DE DIOS,TAMBOPATA,622.0,70262.0,8829.0,31.0,6312.65,8651.5,12182.0,1805.0,301,8,7,0,171,47,0,5,0,63,457.78
MOQUEGUA,GENERAL SANCHEZ CERRO,858.0,263742.0,20171.0,11.0,68563.57400000002,2431.7219999999998,21865.0,2493.0,716,285,4,35,20,271,0,9,5,87,1004.06
MOQUEGUA,ILO,87.0,8444.0,487.0,0.0,395.57,47.150000000000006,2575.0,90.0,30,6,3,2,8,7,1,0,0,3,38.92
MOQUEGUA,MARISCAL NIETO,624.0,100092.0,6658.0,13.0,2902.528,354.3349999999999,22577.0,1242.0,352,110,25,7,19,148,0,1,2,40,455.64
PASCO,DANIEL ALCIDES CARRION,1676.0,152546.0,2599.0,31.0,34091.11999999997,7329.480000000003,4198.0,521.0,1356,372,9,19,43,636,0,7,6,264,1581.84
PASCO,OXAPAMPA,925.0,40332.0,5510.0,13.0,18902.070000000003,7817.326,2567.0,1218.0,582,56,4,22,64,216,0,0,0,220,700.51
PIURA,AYABACA,765.0,285790.0,30083.0,13.0,62596.12600000002,8865.041000000001,50153.0,4003.0,602,41,1,2,14,398,0,15,0,131,976.44
PIURA,HUANCABAMBA,727.0,206197.0,28188.0,26.0,40851.395,10848.725000000002,37297.0,5376.0,585,25,9,9,19,384,0,21,0,118,899.68
PIURA,MORROPON,623.0,229963.0,21160.0,20.0,27156.638000000006,5581.135000000001,50746.0,4187.0,487,13,22,1,21,314,0,31,1,84,772.77
PIURA,PAITA,377.0,106764.0,19291.0,11.0,5268.547,3534.47,24906.0,2822.0,157,0,1,0,15,97,2,1,0,41,299.11
PIURA,SECHURA,313.0,60395.0,9760.0,5.0,10275.44,5712.789999999999,13813.0,913.0,115,0,1,0,6,64,4,6,1,33,232.52
PIURA,SULLANA,578.0,159933.0,17611.0,12.0,15694.52,183.99,32288.0,5296.0,251,0,3,0,9,162,0,8,0,69,412.77
PIURA,TALARA,244.0,57197.0,6207.0,4.0,0.0,0.0,14454.0,5146.0,99,0,5,0,2,64,12,1,1,14,156.2
PUNO,AZANGARO,555.0,328196.0,18301.0,9.0,123989.62400000003,42477.67599999999,13120.0,2687.0,405,161,1,0,78,62,0,38,20,45,1157.97
PUNO,CARABAYA,548.0,214374.0,12491.0,36.0,42565.07000000001,10244.154999999999,7554.0,1395.0,395,186,1,11,33,80,0,23,15,46,711.82
PUNO,CHUCUITO,552.0,212153.0,8705.0,9.0,43247.406,5824.878,4561.0,945.0,318,109,6,0,36,45,0,9,18,95,588.4
PUNO,EL COLLAO,463.0,347440.0,8132.0,5.0,35058.39700000001,16468.735,10296.0,1464.0,336,125,6,0,46,41,0,8,9,101,848.13
PUNO,HUANCANE,406.0,158562.0,8240.0,7.0,30831.84,13590.130000000001,5224.0,1004.0,325,146,0,0,57,41,0,16,2,63,619.46
PUNO,LAMPA,632.0,233666.0,8938.0,7.0,31498.975000000002,17483.140000000003,11017.0,1614.0,407,179,3,1,69,38,0,20,10,87,815.5
PUNO,MELGAR,555.0,244467.0,8607.0,16.0,169231.486,31707.789999999994,9271.0,1075.0,416,208,0,1,70,81,0,14,10,32,977.54
PUNO,MOHO,238.0,45131.0,2677.0,6.0,4864.55,767.85,2250.0,397.0,140,63,2,0,30,19,0,2,3,21,192.81
PUNO,SAN ANTONIO DE PUTINA,314.0,130319.0,5867.0,17.0,11201.689999999999,10540.92,3347.0,648.0,221,109,0,2,28,22,0,5,4,51,456.73
PUNO,SAN ROMAN,243.0,95546.0,2800.0,10.0,31837.620000000003,5840.502,2569.0,231.0,193,100,2,0,32,18,0,7,2,32,346.95
PUNO,SANDIA,455.0,127457.0,9597.0,12.0,11410.904999999997,631.1650000000001,4914.0,1602.0,306,83,8,13,38,123,0,12,1,28,439.77
PUNO,YUNGUYO,144.0,38021.0,5315.0,12.0,9152.41,21.54,2499.0,488.0,138,47,0,0,23,22,0,7,0,39,176.24
SAN MARTIN,BELLAVISTA,407.0,50557.0,7857.0,0.0,6708.79,8485.05,9377.0,1649.0,219,0,2,0,81,29,0,9,1,97,354.41
SAN MARTIN,EL DORADO,456.0,19805.0,6208.0,5.0,3570.5,1559.0,3939.0,1256.0,230,0,2,3,38,35,0,4,0,148,265.4
SAN MARTIN,HUALLAGA,254.0,6596.0,2543.0,0.0,6124.25,1345.15,1114.0,568.0,110,0,0,1,28,21,0,4,0,56,130.05
SAN MARTIN,LAMAS,981.0,20254.0,13602.0,14.0,11222.400000000001,322.74,3285.0,3221.0,433,0,1,2,72,66,0,1,2,289,456.48
SAN MARTIN,MARISCAL CACERES,348.0,30649.0,6423.0,6.0,1811.6499999999999,1309.4,6169.0,1146.0,163,0,0,0,73,15,0,2,1,72,206.74
SAN MARTIN,MOYOBAMBA,477.0,37512.0,5692.0,13.0,22141.6,988.0,8106.0,1190.0,214,1,3,5,66,37,0,0,1,101,261.39
SAN MARTIN,PICOTA,673.0,52503.0,10244.0,14.0,7881.5,4629.5599999999995,11900.0,2170.0,384,0,2,0,127,72,0,10,0,173,482.8
SAN MARTIN,RIOJA,395.0,32830.0,4324.0,13.0,18193.5,1214.2,5875.0,876.0,224,0,0,7,68,38,0,0,0,111,268.97
SAN MARTIN,TOCACHE,496.0,23616.0,6715.0,11.0,7782.3,2529.75,5429.0,1470.0,272,0,1,2,86,35,0,1,0,147,320.91
TACNA,CANDARAVE,221.0,118120.0,4601.0,1.0,23094.63699999999,9019.73,11831.0,484.0,210,113,0,2,1,61,0,19,0,14,418.32
TACNA,JORGE BASADRE,127.0,28876.0,1781.0,2.0,2546.304,708.741,4585.0,548.0,90,16,2,12,17,23,0,9,0,11,125.96
TACNA,TARATA,294.0,77563.0,1016.0,1.0,6841.146000000001,2030.2309999999998,9775.0,361.0,254,117,3,13,2,73,0,26,4,16,351.87
TUMBES,CONTRALMIRANTE VILLAR,389.0,55369.0,6187.0,2.0,901.0,60.257000000000005,10369.0,63.0,319,3,0,0,2,144,10,6,0,154,374.97
TUMBES,ZARUMILLA,445.0,90423.0,7269.0,9.0,5221.1,1506.1,16805.0,650.0,330,0,5,0,11,216,0,4,1,93,435.48
UCAYALI,ATALAYA,651.0,20697.0,6713.0,27.0,1873.8,630.87,5230.0,1144.0,255,3,10,0,83,16,0,0,1,142,282.01
UCAYALI,CORONEL PORTILLO,1840.0,124881.0,20740.0,69.0,16172.32,27000.36,23960.0,3537.0,712,5,31,0,228,89,0,0,6,353,1106.88
UCAYALI,ELABORACION :  SUB DIRECCION DE APLICACIONES ESTADISTICAS - DIPPE - INDECI,0.0,0.0,0.0,0.0,0.0,0.0,0.0,0.0,0,0,0,0,0,0,0,0,0,0,0.0
UCAYALI,FUENTE : SINPAD - COEN - INDECI,0.0,0.0,0.0,0.0,0.0,0.0,0.0,0.0,0,0,0,0,0,0,0,0,0,0,0.0
UCAYALI,PADRE ABAD,1216.0,35437.0,17091.0,13.0,10498.5,12937.425000000005,8625.0,3701.0,531,1,3,3,83,83,0,1,9,348,695.81
UCAYALI,PURUS,286.0,3741.0,1727.0,1.0,16.0,283.25,318.0,321.0,161,0,12,0,30,2,0,0,15,102,167.57
