cultivar,modelo,seed,run_id,status,epochs_ran,best_epoch,stopped_epoch,best_val_loss,best_val_mae,final_loss,final_val_loss,training_seconds,params,features_a,features_b,features_total,history_sha256,checkpoint_sha256,artifact_path
sutil,GC3,0,sutil/GC3/seed_00,complete,85,70,85,0.5792437195777893,0.6059595942497253,0.048747796565294266,0.6643373966217041,10.200661899999886,6273,4,33,37,812fe1bf432df2b903accf65b90fb85c49491defed011290a8a0d754440dd84f,70d867970974e2d213e9b6a1d22451d9c2d7cbf9cf6200f48f4aef412d738235,C:\Machine-learming\Machine-Learning-Multimodal--Agro-NLP-Clima-\v2_reentrenamiento\resultados_v2_final\official_gc3_ge\sutil\GC3\seed_00
sutil,GC3,1,sutil/GC3/seed_01,complete,53,38,53,1.806670308113098,1.0829789638519287,0.16349618136882782,1.8300715684890747,6.62242839999999,6273,4,33,37,9e0c1a4fcad2d08064807401b5ceaf85b5764e7c0c70553ca68f7afa2f99861b,bf3fd70ca229875f6d1f2797ccc12d9aa6cac83ad3d1e17885972b5ed717ebf5,C:\Machine-learming\Machine-Learning-Multimodal--Agro-NLP-Clima-\v2_reentrenamiento\resultados_v2_final\official_gc3_ge\sutil\GC3\seed_01
sutil,GC3,2,sutil/GC3/seed_02,complete,70,55,70,1.1737662553787231,0.8668919205665588,0.09627920389175415,1.2267833948135376,8.379700100000036,6273,4,33,37,2c9bce5d82f6e5415aff016bd6c7db2ffd61568aeee04d15ee7d79ec0ff23f38,ffac71f50accba558862bdbe6019a2c3dcee5443bb1153a358b2cc0e566f1473,C:\Machine-learming\Machine-Learning-Multimodal--Agro-NLP-Clima-\v2_reentrenamiento\resultados_v2_final\official_gc3_ge\sutil\GC3\seed_02
sutil,GC3,3,sutil/GC3/seed_03,complete,35,20,35,1.617359638214111,0.8905191421508789,0.14185214042663574,1.6560511589050293,5.583236899999974,6273,4,33,37,22c16441e04a8f27df2946229a4d22784f02914adde04757a42f852f032dc2c7,89f499f83dce8523ffb5cc8ca0f76e60e2fd753ee8ed17ea16f7170351d9dfe9,C:\Machine-learming\Machine-Learning-Multimodal--Agro-NLP-Clima-\v2_reentrenamiento\resultados_v2_final\official_gc3_ge\sutil\GC3\seed_03
sutil,GC3,4,sutil/GC3/seed_04,complete,116,101,116,1.117421269416809,0.8540865778923035,0.05190005898475647,1.1373353004455566,12.329329799999869,6273,4,33,37,5c7ff6ff446659e250f24e913566d241104496ba48a59a072fd1440b913ab08b,4251ce78a9dc547bea5b34272c54a80cbf6c8ee2e36deea5c5b9f3fcfb9a2988,C:\Machine-learming\Machine-Learning-Multimodal--Agro-NLP-Clima-\v2_reentrenamiento\resultados_v2_final\official_gc3_ge\sutil\GC3\seed_04
sutil,GC3,5,sutil/GC3/seed_05,complete,62,47,62,0.8867254257202148,0.7805611491203308,0.10686816275119781,0.9250529408454895,7.704592199999979,6273,4,33,37,11ed2ae35dbef507e9ea070e703075d2f0a6b3c3c366b8f2eabd87c10ade95db,9048d12f2938fcb12db9c3feb965258088e452c59a73bf8d8bcfa2d40e58522c,C:\Machine-learming\Machine-Learning-Multimodal--Agro-NLP-Clima-\v2_reentrenamiento\resultados_v2_final\official_gc3_ge\sutil\GC3\seed_05
sutil,GC3,6,sutil/GC3/seed_06,complete,16,1,16,2.46180272102356,1.1776424646377563,0.26358750462532043,2.604473829269409,3.487687699999924,6273,4,33,37,efa61940022b2aa5eb45aa7136928d24f21f843f83af378b65e8f1aa1b3e6687,6da1cfba32f8de08ef15fdc30c514820fb2d0acf6b5fbadce63608ccf62d8052,C:\Machine-learming\Machine-Learning-Multimodal--Agro-NLP-Clima-\v2_reentrenamiento\resultados_v2_final\official_gc3_ge\sutil\GC3\seed_06
sutil,GC3,7,sutil/GC3/seed_07,complete,19,4,19,2.2857234477996826,1.0847278833389282,0.37054386734962463,2.689281463623047,3.7309887000001254,6273,4,33,37,97178d650145a8259474f4496b72b722519723776ba1e3e79ad65be690b9dc73,976e38f34250502af6d9749f9b8574fd563bc0b0a8ad6d0935555c196298e997,C:\Machine-learming\Machine-Learning-Multimodal--Agro-NLP-Clima-\v2_reentrenamiento\resultados_v2_final\official_gc3_ge\sutil\GC3\seed_07
sutil,GC3,8,sutil/GC3/seed_08,complete,65,50,65,0.52342689037323,0.5821719169616699,0.10077394545078278,0.5268160700798035,8.336616800000002,6273,4,33,37,3be757bd39f13a60d84b0ce32ae500b10f2f295da9aaae74bfdf0216782792c4,a377d30c970c1effb2e22af378bfffeb18ada4e1bcac014f01f87c5d3f5e95e8,C:\Machine-learming\Machine-Learning-Multimodal--Agro-NLP-Clima-\v2_reentrenamiento\resultados_v2_final\official_gc3_ge\sutil\GC3\seed_08
sutil,GC3,9,sutil/GC3/seed_09,complete,55,40,55,1.121702790260315,0.8274252414703369,0.11981610953807831,1.1660563945770264,7.118401899999981,6273,4,33,37,513d171b5ab0cd1f9a2ac18583d7ca0cdc0658c6f6b9000b84631e56dbf5a148,348bb345e37fd663ce25f4467afefefbf67eaeb23570e89d939988416e895d59,C:\Machine-learming\Machine-Learning-Multimodal--Agro-NLP-Clima-\v2_reentrenamiento\resultados_v2_final\official_gc3_ge\sutil\GC3\seed_09
sutil,GE,0,sutil/GE/seed_00,complete,16,1,16,2.667714357376098,1.3069777488708496,0.17696815729141235,2.6891753673553467,3.5252464000000145,6657,4,39,43,66589fa0f9436af5a2cb2a73ca41289c8ffb12e166b523d4b0bcb900e2ba605d,5a86f0bca06717fc8501acc157555f15829a130d967fc0dd3144ea1bb07765e9,C:\Machine-learming\Machine-Learning-Multimodal--Agro-NLP-Clima-\v2_reentrenamiento\resultados_v2_final\official_gc3_ge\sutil\GE\seed_00
sutil,GE,1,sutil/GE/seed_01,complete,21,6,21,1.9526444673538208,1.1045563220977783,0.22437191009521484,2.010244607925415,4.088171399999965,6657,4,39,43,13c88d79b610b9d948fe7cd35c931428bdefd0db2785c73621f585ea011c913e,c3f87ad239f818c740908116cddcc3a8eda717b3ffa1bad1313b560f1be3d8d8,C:\Machine-learming\Machine-Learning-Multimodal--Agro-NLP-Clima-\v2_reentrenamiento\resultados_v2_final\official_gc3_ge\sutil\GE\seed_01
sutil,GE,2,sutil/GE/seed_02,complete,53,38,53,2.138227224349976,1.2349646091461182,0.13160529732704163,2.1696937084198,6.7925820999998905,6657,4,39,43,5498049520db1363072e03c0c3455cca3884753a0786daf4be153c73f3f8e495,bfb165adbc0df23dc52d0425ac8ee187ca99edb12f1dd89db77bf62727cd67b1,C:\Machine-learming\Machine-Learning-Multimodal--Agro-NLP-Clima-\v2_reentrenamiento\resultados_v2_final\official_gc3_ge\sutil\GE\seed_02
sutil,GE,3,sutil/GE/seed_03,complete,30,15,30,2.298121929168701,1.2266366481781006,0.14650854468345642,2.4554660320281982,4.773579000000154,6657,4,39,43,5aace798dd4c14c062f7e9e122e2ac2fbdf45ff360d1007c8a3b1faf4d4f2e74,97e1c11ce2ae40716a95df4c932e0bae7d3f976df13757b952410561c8d73234,C:\Machine-learming\Machine-Learning-Multimodal--Agro-NLP-Clima-\v2_reentrenamiento\resultados_v2_final\official_gc3_ge\sutil\GE\seed_03
sutil,GE,4,sutil/GE/seed_04,complete,33,18,33,2.067338466644287,1.2456156015396118,0.11484508216381073,2.1075069904327393,5.009130299999924,6657,4,39,43,e62fbb28b7ebbcbc8c44b5fb0ca2fe09f92a9fd298755ae132a1b0d148bb90a2,757fc39c07fa3c14562e0e7760a67c8da753ed3aac4b86ab308739a602440a6a,C:\Machine-learming\Machine-Learning-Multimodal--Agro-NLP-Clima-\v2_reentrenamiento\resultados_v2_final\official_gc3_ge\sutil\GE\seed_04
sutil,GE,5,sutil/GE/seed_05,complete,82,67,82,1.5564613342285156,0.9950749278068542,0.08412059396505356,1.5731792449951172,9.012547199999972,6657,4,39,43,33d76cff82265ada5966eb5cf485fdb817fb3c51c42441e51576453a822e454f,86cd2c41cae22adf7508e45d40f27665da915ac15c9d5fce3c1f8d04d8f4a90f,C:\Machine-learming\Machine-Learning-Multimodal--Agro-NLP-Clima-\v2_reentrenamiento\resultados_v2_final\official_gc3_ge\sutil\GE\seed_05
sutil,GE,6,sutil/GE/seed_06,complete,16,1,16,2.350252389907837,1.1279903650283811,0.2419581413269043,2.658745527267456,3.4902259000000413,6657,4,39,43,ca4e2cce61100a84df4162a56eb9e3a7b37fe8978d60d5812b3811e78d692bde,b80a6fed6438e8e3b8f8be9c90cdecd8abd02ce3a801ddfa440b8ccf33d2ea78,C:\Machine-learming\Machine-Learning-Multimodal--Agro-NLP-Clima-\v2_reentrenamiento\resultados_v2_final\official_gc3_ge\sutil\GE\seed_06
sutil,GE,7,sutil/GE/seed_07,complete,16,1,16,2.2642953395843506,1.0907481908798218,0.3871913254261017,2.8616065979003906,3.5681399000000056,6657,4,39,43,85d2a4770a7cf96f0997274260b130e9885bf6ca902007a825d51d80b4d7e50d,a1a77dc2d9826a9fdaf04ca56c8144d16e39fc3911f97adc395bb7bda4f2e078,C:\Machine-learming\Machine-Learning-Multimodal--Agro-NLP-Clima-\v2_reentrenamiento\resultados_v2_final\official_gc3_ge\sutil\GE\seed_07
sutil,GE,8,sutil/GE/seed_08,complete,64,49,64,0.9719992280006408,0.8425917029380798,0.070859894156456,1.0314754247665405,7.527663599999869,6657,4,39,43,f6ae2cdc6a0e6e5ab4c579d94e2367a7d937cd3605d53f42c1ae3e92fdd29385,e178a33a4caecb0612889b263030d2e6f56b2e4a014f9e39df8e42b4aab7120f,C:\Machine-learming\Machine-Learning-Multimodal--Agro-NLP-Clima-\v2_reentrenamiento\resultados_v2_final\official_gc3_ge\sutil\GE\seed_08
sutil,GE,9,sutil/GE/seed_09,complete,17,2,17,2.1611249446868896,1.1147443056106567,0.20323769748210907,2.245331048965454,3.6988166000001,6657,4,39,43,7ea816d2b44db74c91fdef9399fd2497534da867d507700301cdad18fb11010f,4d1dcccfd63f5d07693a60a06907e244cbf6d7db448158ec5abb373af825c15f,C:\Machine-learming\Machine-Learning-Multimodal--Agro-NLP-Clima-\v2_reentrenamiento\resultados_v2_final\official_gc3_ge\sutil\GE\seed_09
dulce,GC3,0,dulce/GC3/seed_00,complete,29,14,29,0.4682209193706512,0.5842205882072449,0.07389551401138306,0.48961853981018066,4.686094799999864,6273,4,33,37,4f45149ea40bdd75b23531cf0d43a84de09df486ecdfa26db0091eaf881c25ac,e38e1356ec4ec740264519464d18ff4cdc3bfcabc47021e51775d3500638043d,C:\Machine-learming\Machine-Learning-Multimodal--Agro-NLP-Clima-\v2_reentrenamiento\resultados_v2_final\official_gc3_ge\dulce\GC3\seed_00
dulce,GC3,1,dulce/GC3/seed_01,complete,41,26,41,0.3415692746639251,0.5156176686286926,0.050301067531108856,0.40392518043518066,5.875598300000092,6273,4,33,37,b1365d4d307c3a048a08e3070428c033a63255a6ee6592346af2f9a07c19deb1,a50c44937188f5e67dde67a311f998e2aac3ddc1b1d706197a7d920558ccb02f,C:\Machine-learming\Machine-Learning-Multimodal--Agro-NLP-Clima-\v2_reentrenamiento\resultados_v2_final\official_gc3_ge\dulce\GC3\seed_01
dulce,GC3,2,dulce/GC3/seed_02,complete,54,39,54,0.5365074276924133,0.6210913062095642,0.06233707442879677,0.5999512076377869,6.742250000000013,6273,4,33,37,aadf7e58c6b6d7ba9ed78efd88c49a0f81da0a6603591c7a9d58662fb3c104d4,6f87a1608d3211a67b9c7defeb72ba34be2f86fbbe89c5e3184f63be26322932,C:\Machine-learming\Machine-Learning-Multimodal--Agro-NLP-Clima-\v2_reentrenamiento\resultados_v2_final\official_gc3_ge\dulce\GC3\seed_02
dulce,GC3,3,dulce/GC3/seed_03,complete,65,50,65,0.2926015555858612,0.4653273820877075,0.037678226828575134,0.3099634647369385,7.975633699999889,6273,4,33,37,247f3c790aba4ef90adda8e379117a1bc0ec83f9ee2aef79300c864e8496b67c,fcd8f3757755aedb65f52247500fb67cac38ea68bf1eb02142aae9884d762b96,C:\Machine-learming\Machine-Learning-Multimodal--Agro-NLP-Clima-\v2_reentrenamiento\resultados_v2_final\official_gc3_ge\dulce\GC3\seed_03
dulce,GC3,4,dulce/GC3/seed_04,complete,42,27,42,0.2482519298791885,0.4257759153842926,0.038519542664289474,0.25348398089408875,5.840112899999895,6273,4,33,37,89efb2d7dc9f372c92c4be47704329e32beb95f4aa9b0b47101352a29d55ddf4,93fcd2ff7cb8a9cefccdcc78d6c94651d365edb42daa166c917a6e79b302de6a,C:\Machine-learming\Machine-Learning-Multimodal--Agro-NLP-Clima-\v2_reentrenamiento\resultados_v2_final\official_gc3_ge\dulce\GC3\seed_04
dulce,GC3,5,dulce/GC3/seed_05,complete,29,14,29,0.2228877544403076,0.4056282043457031,0.054489538073539734,0.35670146346092224,4.755237999999963,6273,4,33,37,34a227689b72b7ff0753dc73247ed8d29e0ccb2ddd42ba5cdeb1d4224ac0dab6,570b28ade94046ef3ea9641e8838c5cceef8fe649b743c6db3bc9e899dfc5ff8,C:\Machine-learming\Machine-Learning-Multimodal--Agro-NLP-Clima-\v2_reentrenamiento\resultados_v2_final\official_gc3_ge\dulce\GC3\seed_05
dulce,GC3,6,dulce/GC3/seed_06,complete,28,13,28,0.4401566684246063,0.5581968426704407,0.04738200083374977,0.5334309935569763,4.664993599999889,6273,4,33,37,38651e415dd262fdfe96867aadb598f97485bfd9519a9e9a9116a5099769861d,1a4e522235b8168376ede7199de7d09cc9e1100d8fa28e0f26c556e63cdda421,C:\Machine-learming\Machine-Learning-Multimodal--Agro-NLP-Clima-\v2_reentrenamiento\resultados_v2_final\official_gc3_ge\dulce\GC3\seed_06
dulce,GC3,7,dulce/GC3/seed_07,complete,56,41,56,0.2461500018835067,0.4041059017181396,0.046852368861436844,0.2736709415912628,6.871328000000176,6273,4,33,37,f6039beede1279fe329b3b00293542dae0239f708a3e902c86490cf472589839,e20ace2fad9a1b3d800c0c3276788dcd664a58c7d7dcbc28056ee55b09d07a71,C:\Machine-learming\Machine-Learning-Multimodal--Agro-NLP-Clima-\v2_reentrenamiento\resultados_v2_final\official_gc3_ge\dulce\GC3\seed_07
dulce,GC3,8,dulce/GC3/seed_08,complete,52,37,52,0.2278795689344406,0.4000358581542969,0.07032988220453262,0.28735074400901794,6.863343799999939,6273,4,33,37,9decab4326b29a83624d8a80fe7c36c3d6658ae76c1c0f59082cb11058b7f633,e145c095496671163de416a819763ecae35411dac3b28ef22967e376287a8176,C:\Machine-learming\Machine-Learning-Multimodal--Agro-NLP-Clima-\v2_reentrenamiento\resultados_v2_final\official_gc3_ge\dulce\GC3\seed_08
dulce,GC3,9,dulce/GC3/seed_09,complete,28,13,28,0.2749375104904175,0.4422539472579956,0.10997386276721954,0.2884056866168976,4.733301600000004,6273,4,33,37,6420dd6501ba69299ab9e67aac83bae656929da55f49a41b892f411ecffe6b0b,970a04234d98f23532a13e98f775177a704bf4e5269bb772b98af03455cbf26b,C:\Machine-learming\Machine-Learning-Multimodal--Agro-NLP-Clima-\v2_reentrenamiento\resultados_v2_final\official_gc3_ge\dulce\GC3\seed_09
dulce,GE,0,dulce/GE/seed_00,complete,56,41,56,0.2708799839019775,0.4506227672100067,0.04308543726801872,0.32475557923316956,7.011617099999967,6657,4,39,43,95d5d076fed141142bac87c1a4e0150faa15a2bc4cd26df8fc14811bb3610bfa,a53c679c07e29c0903fe1083b303941865ded17f3d06a71586da17eaa9164bba,C:\Machine-learming\Machine-Learning-Multimodal--Agro-NLP-Clima-\v2_reentrenamiento\resultados_v2_final\official_gc3_ge\dulce\GE\seed_00
dulce,GE,1,dulce/GE/seed_01,complete,42,27,42,0.2104457169771194,0.3794643878936767,0.05981352925300598,0.2210557609796524,5.906643300000042,6657,4,39,43,c95dd16c3db18aa4f3ecd7e030c2f49f5ac834cbd0733a14433a4a98ffc65a93,82461f1333978327b97dc539e3b67f561f6d3440adb97012f2ba712b4d6ca659,C:\Machine-learming\Machine-Learning-Multimodal--Agro-NLP-Clima-\v2_reentrenamiento\resultados_v2_final\official_gc3_ge\dulce\GE\seed_01
dulce,GE,2,dulce/GE/seed_02,complete,54,39,54,0.3868516385555267,0.5394600033760071,0.05615299567580223,0.4714317321777344,6.926577499999894,6657,4,39,43,89b3e8ad1bd05c04c91e5d953f7963bd0f17a6c42855f9d1b54c9de7a6007188,bf45e7ae2b5c9d0e3cd26ebd9a82e281efa93f87587701909f3e2aa88b5f2d45,C:\Machine-learming\Machine-Learning-Multimodal--Agro-NLP-Clima-\v2_reentrenamiento\resultados_v2_final\official_gc3_ge\dulce\GE\seed_02
dulce,GE,3,dulce/GE/seed_03,complete,93,78,93,0.278851181268692,0.4465321004390716,0.06440725177526474,0.28959643840789795,10.569382199999836,6657,4,39,43,523fe480375ce1fb1d19b8c8e9d5f36d46c380e6c4a4b79156ec0a69c60713f3,f7b7482a385298529eb01e4275ae2ebea432d2eb293b5613b3bebb7902fa4c8e,C:\Machine-learming\Machine-Learning-Multimodal--Agro-NLP-Clima-\v2_reentrenamiento\resultados_v2_final\official_gc3_ge\dulce\GE\seed_03
dulce,GE,4,dulce/GE/seed_04,complete,61,46,61,0.2050278633832931,0.3765225112438202,0.02785387821495533,0.2118016481399536,7.498811499999874,6657,4,39,43,67a73ef51ec52a5dfaded383b83645bdd5d68892708216423f01565f5c9b63fa,b7100a15725d68110d77a442738782db6d8c7bcd2de622b4ccf3e23a01183182,C:\Machine-learming\Machine-Learning-Multimodal--Agro-NLP-Clima-\v2_reentrenamiento\resultados_v2_final\official_gc3_ge\dulce\GE\seed_04
dulce,GE,5,dulce/GE/seed_05,complete,29,14,29,0.18348328769207,0.3595361709594726,0.054244574159383774,0.23375754058361053,4.776952299999948,6657,4,39,43,f9701fe7e948c310879cd6d2da59bb965fa237eb7e7ad655d4875d458675df02,3934444e7044cf7c6182d75116c0b5150069541ce7021757bc0f4671eea61d42,C:\Machine-learming\Machine-Learning-Multimodal--Agro-NLP-Clima-\v2_reentrenamiento\resultados_v2_final\official_gc3_ge\dulce\GE\seed_05
dulce,GE,6,dulce/GE/seed_06,complete,43,28,43,0.3278205394744873,0.4918919503688812,0.04056635871529579,0.3451118469238281,5.9365843000000496,6657,4,39,43,7919b19b0c376730d372551efe4d0636b30653565a7ff65ad083c733df6cd1c4,4f364ee49aa3f3f8f0777c690f382c4a4ff741baf49224c9261669b87e2dad51,C:\Machine-learming\Machine-Learning-Multimodal--Agro-NLP-Clima-\v2_reentrenamiento\resultados_v2_final\official_gc3_ge\dulce\GE\seed_06
dulce,GE,7,dulce/GE/seed_07,complete,46,31,46,0.2916101515293121,0.4927164316177368,0.05776793509721756,0.37042179703712463,6.106051600000001,6657,4,39,43,c9bdd890f270c8f18b146704ee253d1903344748f831904eab89e45012aebdbc,716c69fd06c85665c98ef5b6127b5cae2cd0a4307ef051e17c961e7e07c1c279,C:\Machine-learming\Machine-Learning-Multimodal--Agro-NLP-Clima-\v2_reentrenamiento\resultados_v2_final\official_gc3_ge\dulce\GE\seed_07
dulce,GE,8,dulce/GE/seed_08,complete,44,29,44,0.1444789916276931,0.3024232983589172,0.04313373193144798,0.15525037050247192,6.1344799999999395,6657,4,39,43,e8b5a28dec5ce11ac3d482dec0389863569a45b8a8acf1f0191f6cc827e7526d,b0e382abdf7932ecfcc668b4d4bc466f9f28fcadc8d4f1a8cf4b74e7ce6a0514,C:\Machine-learming\Machine-Learning-Multimodal--Agro-NLP-Clima-\v2_reentrenamiento\resultados_v2_final\official_gc3_ge\dulce\GE\seed_08
dulce,GE,9,dulce/GE/seed_09,complete,62,47,62,0.2020753473043441,0.3788181245326996,0.04873725399374962,0.21446828544139862,7.386957299999949,6657,4,39,43,37279031f03d845b50923cb760182028b38e49c441df7a447ec70008df5a6bd4,bd262168fc35aa03bd5326e1213c18b094e8073bfd01246036bbe830cd4e0d76,C:\Machine-learming\Machine-Learning-Multimodal--Agro-NLP-Clima-\v2_reentrenamiento\resultados_v2_final\official_gc3_ge\dulce\GE\seed_09
