cultivar,modelo,seed,status,epochs_ran,best_epoch,stopped_epoch,best_val_loss,best_val_mae,final_loss,final_val_loss,training_seconds,params,artifact_path
sutil,GC3,0,complete,85,70,85,0.5792437195777893,0.6059595942497253,0.048747796565294266,0.6643373966217041,10.200661899999886,6273,C:\Machine-learming\Machine-Learning-Multimodal--Agro-NLP-Clima-\v2_reentrenamiento\resultados_v2_final\official_gc3_ge\sutil\GC3\seed_00
sutil,GC3,1,complete,53,38,53,1.8066703081130981,1.0829789638519287,0.16349618136882782,1.8300715684890747,6.62242839999999,6273,C:\Machine-learming\Machine-Learning-Multimodal--Agro-NLP-Clima-\v2_reentrenamiento\resultados_v2_final\official_gc3_ge\sutil\GC3\seed_01
sutil,GC3,2,complete,70,55,70,1.1737662553787231,0.8668919205665588,0.09627920389175415,1.2267833948135376,8.379700100000036,6273,C:\Machine-learming\Machine-Learning-Multimodal--Agro-NLP-Clima-\v2_reentrenamiento\resultados_v2_final\official_gc3_ge\sutil\GC3\seed_02
sutil,GC3,3,complete,35,20,35,1.6173596382141113,0.8905191421508789,0.14185214042663574,1.6560511589050293,5.583236899999974,6273,C:\Machine-learming\Machine-Learning-Multimodal--Agro-NLP-Clima-\v2_reentrenamiento\resultados_v2_final\official_gc3_ge\sutil\GC3\seed_03
sutil,GC3,4,complete,116,101,116,1.117421269416809,0.8540865778923035,0.05190005898475647,1.1373353004455566,12.329329799999869,6273,C:\Machine-learming\Machine-Learning-Multimodal--Agro-NLP-Clima-\v2_reentrenamiento\resultados_v2_final\official_gc3_ge\sutil\GC3\seed_04
sutil,GC3,5,complete,62,47,62,0.8867254257202148,0.7805611491203308,0.10686816275119781,0.9250529408454895,7.704592199999979,6273,C:\Machine-learming\Machine-Learning-Multimodal--Agro-NLP-Clima-\v2_reentrenamiento\resultados_v2_final\official_gc3_ge\sutil\GC3\seed_05
sutil,GC3,6,complete,16,1,16,2.4618027210235596,1.1776424646377563,0.26358750462532043,2.604473829269409,3.487687699999924,6273,C:\Machine-learming\Machine-Learning-Multimodal--Agro-NLP-Clima-\v2_reentrenamiento\resultados_v2_final\official_gc3_ge\sutil\GC3\seed_06
sutil,GC3,7,complete,19,4,19,2.2857234477996826,1.0847278833389282,0.37054386734962463,2.689281463623047,3.7309887000001254,6273,C:\Machine-learming\Machine-Learning-Multimodal--Agro-NLP-Clima-\v2_reentrenamiento\resultados_v2_final\official_gc3_ge\sutil\GC3\seed_07
sutil,GC3,8,complete,65,50,65,0.52342689037323,0.5821719169616699,0.10077394545078278,0.5268160700798035,8.336616800000002,6273,C:\Machine-learming\Machine-Learning-Multimodal--Agro-NLP-Clima-\v2_reentrenamiento\resultados_v2_final\official_gc3_ge\sutil\GC3\seed_08
sutil,GC3,9,complete,55,40,55,1.121702790260315,0.8274252414703369,0.11981610953807831,1.1660563945770264,7.118401899999981,6273,C:\Machine-learming\Machine-Learning-Multimodal--Agro-NLP-Clima-\v2_reentrenamiento\resultados_v2_final\official_gc3_ge\sutil\GC3\seed_09
sutil,GE,0,complete,16,1,16,2.6677143573760986,1.3069777488708496,0.17696815729141235,2.6891753673553467,3.5252464000000145,6657,C:\Machine-learming\Machine-Learning-Multimodal--Agro-NLP-Clima-\v2_reentrenamiento\resultados_v2_final\official_gc3_ge\sutil\GE\seed_00
sutil,GE,1,complete,21,6,21,1.9526444673538208,1.1045563220977783,0.22437191009521484,2.010244607925415,4.088171399999965,6657,C:\Machine-learming\Machine-Learning-Multimodal--Agro-NLP-Clima-\v2_reentrenamiento\resultados_v2_final\official_gc3_ge\sutil\GE\seed_01
sutil,GE,2,complete,53,38,53,2.1382272243499756,1.2349646091461182,0.13160529732704163,2.1696937084198,6.7925820999998905,6657,C:\Machine-learming\Machine-Learning-Multimodal--Agro-NLP-Clima-\v2_reentrenamiento\resultados_v2_final\official_gc3_ge\sutil\GE\seed_02
sutil,GE,3,complete,30,15,30,2.298121929168701,1.2266366481781006,0.14650854468345642,2.4554660320281982,4.773579000000154,6657,C:\Machine-learming\Machine-Learning-Multimodal--Agro-NLP-Clima-\v2_reentrenamiento\resultados_v2_final\official_gc3_ge\sutil\GE\seed_03
sutil,GE,4,complete,33,18,33,2.067338466644287,1.2456156015396118,0.11484508216381073,2.1075069904327393,5.009130299999924,6657,C:\Machine-learming\Machine-Learning-Multimodal--Agro-NLP-Clima-\v2_reentrenamiento\resultados_v2_final\official_gc3_ge\sutil\GE\seed_04
sutil,GE,5,complete,82,67,82,1.5564613342285156,0.9950749278068542,0.08412059396505356,1.5731792449951172,9.012547199999972,6657,C:\Machine-learming\Machine-Learning-Multimodal--Agro-NLP-Clima-\v2_reentrenamiento\resultados_v2_final\official_gc3_ge\sutil\GE\seed_05
sutil,GE,6,complete,16,1,16,2.350252389907837,1.1279903650283811,0.2419581413269043,2.658745527267456,3.4902259000000413,6657,C:\Machine-learming\Machine-Learning-Multimodal--Agro-NLP-Clima-\v2_reentrenamiento\resultados_v2_final\official_gc3_ge\sutil\GE\seed_06
sutil,GE,7,complete,16,1,16,2.2642953395843506,1.0907481908798218,0.3871913254261017,2.8616065979003906,3.5681399000000056,6657,C:\Machine-learming\Machine-Learning-Multimodal--Agro-NLP-Clima-\v2_reentrenamiento\resultados_v2_final\official_gc3_ge\sutil\GE\seed_07
sutil,GE,8,complete,64,49,64,0.9719992280006409,0.8425917029380798,0.070859894156456,1.0314754247665405,7.527663599999869,6657,C:\Machine-learming\Machine-Learning-Multimodal--Agro-NLP-Clima-\v2_reentrenamiento\resultados_v2_final\official_gc3_ge\sutil\GE\seed_08
sutil,GE,9,complete,17,2,17,2.1611249446868896,1.1147443056106567,0.20323769748210907,2.245331048965454,3.6988166000001,6657,C:\Machine-learming\Machine-Learning-Multimodal--Agro-NLP-Clima-\v2_reentrenamiento\resultados_v2_final\official_gc3_ge\sutil\GE\seed_09
dulce,GC3,0,complete,29,14,29,0.46822091937065125,0.5842205882072449,0.07389551401138306,0.48961853981018066,4.686094799999864,6273,C:\Machine-learming\Machine-Learning-Multimodal--Agro-NLP-Clima-\v2_reentrenamiento\resultados_v2_final\official_gc3_ge\dulce\GC3\seed_00
dulce,GC3,1,complete,41,26,41,0.34156927466392517,0.5156176686286926,0.050301067531108856,0.40392518043518066,5.875598300000092,6273,C:\Machine-learming\Machine-Learning-Multimodal--Agro-NLP-Clima-\v2_reentrenamiento\resultados_v2_final\official_gc3_ge\dulce\GC3\seed_01
dulce,GC3,2,complete,54,39,54,0.5365074276924133,0.6210913062095642,0.06233707442879677,0.5999512076377869,6.742250000000013,6273,C:\Machine-learming\Machine-Learning-Multimodal--Agro-NLP-Clima-\v2_reentrenamiento\resultados_v2_final\official_gc3_ge\dulce\GC3\seed_02
dulce,GC3,3,complete,65,50,65,0.2926015555858612,0.4653273820877075,0.037678226828575134,0.3099634647369385,7.975633699999889,6273,C:\Machine-learming\Machine-Learning-Multimodal--Agro-NLP-Clima-\v2_reentrenamiento\resultados_v2_final\official_gc3_ge\dulce\GC3\seed_03
dulce,GC3,4,complete,42,27,42,0.24825192987918854,0.4257759153842926,0.038519542664289474,0.25348398089408875,5.840112899999895,6273,C:\Machine-learming\Machine-Learning-Multimodal--Agro-NLP-Clima-\v2_reentrenamiento\resultados_v2_final\official_gc3_ge\dulce\GC3\seed_04
dulce,GC3,5,complete,29,14,29,0.22288775444030762,0.4056282043457031,0.054489538073539734,0.35670146346092224,4.755237999999963,6273,C:\Machine-learming\Machine-Learning-Multimodal--Agro-NLP-Clima-\v2_reentrenamiento\resultados_v2_final\official_gc3_ge\dulce\GC3\seed_05
dulce,GC3,6,complete,28,13,28,0.4401566684246063,0.5581968426704407,0.04738200083374977,0.5334309935569763,4.664993599999889,6273,C:\Machine-learming\Machine-Learning-Multimodal--Agro-NLP-Clima-\v2_reentrenamiento\resultados_v2_final\official_gc3_ge\dulce\GC3\seed_06
dulce,GC3,7,complete,56,41,56,0.24615000188350677,0.4041059017181396,0.046852368861436844,0.2736709415912628,6.871328000000176,6273,C:\Machine-learming\Machine-Learning-Multimodal--Agro-NLP-Clima-\v2_reentrenamiento\resultados_v2_final\official_gc3_ge\dulce\GC3\seed_07
dulce,GC3,8,complete,52,37,52,0.2278795689344406,0.4000358581542969,0.07032988220453262,0.28735074400901794,6.863343799999939,6273,C:\Machine-learming\Machine-Learning-Multimodal--Agro-NLP-Clima-\v2_reentrenamiento\resultados_v2_final\official_gc3_ge\dulce\GC3\seed_08
dulce,GC3,9,complete,28,13,28,0.2749375104904175,0.4422539472579956,0.10997386276721954,0.2884056866168976,4.733301600000004,6273,C:\Machine-learming\Machine-Learning-Multimodal--Agro-NLP-Clima-\v2_reentrenamiento\resultados_v2_final\official_gc3_ge\dulce\GC3\seed_09
dulce,GE,0,complete,56,41,56,0.27087998390197754,0.4506227672100067,0.04308543726801872,0.32475557923316956,7.011617099999967,6657,C:\Machine-learming\Machine-Learning-Multimodal--Agro-NLP-Clima-\v2_reentrenamiento\resultados_v2_final\official_gc3_ge\dulce\GE\seed_00
dulce,GE,1,complete,42,27,42,0.21044571697711945,0.3794643878936767,0.05981352925300598,0.2210557609796524,5.906643300000042,6657,C:\Machine-learming\Machine-Learning-Multimodal--Agro-NLP-Clima-\v2_reentrenamiento\resultados_v2_final\official_gc3_ge\dulce\GE\seed_01
dulce,GE,2,complete,54,39,54,0.38685163855552673,0.5394600033760071,0.05615299567580223,0.4714317321777344,6.926577499999894,6657,C:\Machine-learming\Machine-Learning-Multimodal--Agro-NLP-Clima-\v2_reentrenamiento\resultados_v2_final\official_gc3_ge\dulce\GE\seed_02
dulce,GE,3,complete,93,78,93,0.278851181268692,0.4465321004390716,0.06440725177526474,0.28959643840789795,10.569382199999836,6657,C:\Machine-learming\Machine-Learning-Multimodal--Agro-NLP-Clima-\v2_reentrenamiento\resultados_v2_final\official_gc3_ge\dulce\GE\seed_03
dulce,GE,4,complete,61,46,61,0.20502786338329315,0.3765225112438202,0.02785387821495533,0.2118016481399536,7.498811499999874,6657,C:\Machine-learming\Machine-Learning-Multimodal--Agro-NLP-Clima-\v2_reentrenamiento\resultados_v2_final\official_gc3_ge\dulce\GE\seed_04
dulce,GE,5,complete,29,14,29,0.18348328769207,0.3595361709594726,0.054244574159383774,0.23375754058361053,4.776952299999948,6657,C:\Machine-learming\Machine-Learning-Multimodal--Agro-NLP-Clima-\v2_reentrenamiento\resultados_v2_final\official_gc3_ge\dulce\GE\seed_05
dulce,GE,6,complete,43,28,43,0.3278205394744873,0.4918919503688812,0.04056635871529579,0.3451118469238281,5.9365843000000496,6657,C:\Machine-learming\Machine-Learning-Multimodal--Agro-NLP-Clima-\v2_reentrenamiento\resultados_v2_final\official_gc3_ge\dulce\GE\seed_06
dulce,GE,7,complete,46,31,46,0.29161015152931213,0.4927164316177368,0.05776793509721756,0.37042179703712463,6.106051600000001,6657,C:\Machine-learming\Machine-Learning-Multimodal--Agro-NLP-Clima-\v2_reentrenamiento\resultados_v2_final\official_gc3_ge\dulce\GE\seed_07
dulce,GE,8,complete,44,29,44,0.14447899162769318,0.3024232983589172,0.04313373193144798,0.15525037050247192,6.1344799999999395,6657,C:\Machine-learming\Machine-Learning-Multimodal--Agro-NLP-Clima-\v2_reentrenamiento\resultados_v2_final\official_gc3_ge\dulce\GE\seed_08
dulce,GE,9,complete,62,47,62,0.20207534730434418,0.3788181245326996,0.04873725399374962,0.21446828544139862,7.386957299999949,6657,C:\Machine-learming\Machine-Learning-Multimodal--Agro-NLP-Clima-\v2_reentrenamiento\resultados_v2_final\official_gc3_ge\dulce\GE\seed_09
