cultivar,model_name,seed,run_dir,missing_files,train_mae,train_rmse,train_r2,val_mae,val_rmse,val_r2,train_rows,val_rows,test_loaded,config_hash
sutil,GC2_XGBoost,0,C:\Machine-learming\Machine-Learning-Multimodal--Agro-NLP-Clima-\v2_reentrenamiento\resultados_v2_final\official_gc2_xgboost\sutil\GC2_XGBoost\seed_00,,601.1682698224082,744.5341995898683,0.9914940527546894,4636.178811374259,6132.044207552643,0.4388524987371363,89,12,False,36380dff35eb0898bbca3f4af419771c8ace70f2d9336ff6e54efa4efeaf3921
sutil,GC2_XGBoost,1,C:\Machine-learming\Machine-Learning-Multimodal--Agro-NLP-Clima-\v2_reentrenamiento\resultados_v2_final\official_gc2_xgboost\sutil\GC2_XGBoost\seed_01,,631.5143235278877,771.9315223137337,0.9908565323268301,4719.800022064325,6166.035608816958,0.4326141039519942,89,12,False,36380dff35eb0898bbca3f4af419771c8ace70f2d9336ff6e54efa4efeaf3921
sutil,GC2_XGBoost,2,C:\Machine-learming\Machine-Learning-Multimodal--Agro-NLP-Clima-\v2_reentrenamiento\resultados_v2_final\official_gc2_xgboost\sutil\GC2_XGBoost\seed_02,,636.8812638439513,791.4214601204312,0.9903889900563159,4404.311304620439,5873.584637130476,0.4851592176838756,89,12,False,36380dff35eb0898bbca3f4af419771c8ace70f2d9336ff6e54efa4efeaf3921
sutil,GC2_XGBoost,3,C:\Machine-learming\Machine-Learning-Multimodal--Agro-NLP-Clima-\v2_reentrenamiento\resultados_v2_final\official_gc2_xgboost\sutil\GC2_XGBoost\seed_03,,627.9012700136952,782.2708465863984,0.9906099550200543,4399.868058238559,5821.8700880721835,0.4941852385512403,89,12,False,36380dff35eb0898bbca3f4af419771c8ace70f2d9336ff6e54efa4efeaf3921
sutil,GC2_XGBoost,4,C:\Machine-learming\Machine-Learning-Multimodal--Agro-NLP-Clima-\v2_reentrenamiento\resultados_v2_final\official_gc2_xgboost\sutil\GC2_XGBoost\seed_04,,671.1833481628366,806.0980384004192,0.9900292205379672,4174.3392902682235,5703.63928655542,0.5145208502787366,89,12,False,36380dff35eb0898bbca3f4af419771c8ace70f2d9336ff6e54efa4efeaf3921
sutil,GC2_XGBoost,5,C:\Machine-learming\Machine-Learning-Multimodal--Agro-NLP-Clima-\v2_reentrenamiento\resultados_v2_final\official_gc2_xgboost\sutil\GC2_XGBoost\seed_05,,634.0394397835004,787.7591098624054,0.9904777352926833,4519.765186093017,5941.522410339322,0.47318035882592957,89,12,False,36380dff35eb0898bbca3f4af419771c8ace70f2d9336ff6e54efa4efeaf3921
sutil,GC2_XGBoost,6,C:\Machine-learming\Machine-Learning-Multimodal--Agro-NLP-Clima-\v2_reentrenamiento\resultados_v2_final\official_gc2_xgboost\sutil\GC2_XGBoost\seed_06,,661.9166842275923,803.5343073348585,0.9900925422339587,4343.036135821731,5943.76707818001,0.47278222568709094,89,12,False,36380dff35eb0898bbca3f4af419771c8ace70f2d9336ff6e54efa4efeaf3921
sutil,GC2_XGBoost,7,C:\Machine-learming\Machine-Learning-Multimodal--Agro-NLP-Clima-\v2_reentrenamiento\resultados_v2_final\official_gc2_xgboost\sutil\GC2_XGBoost\seed_07,,633.086654942064,781.9720443126265,0.9906171270396862,4374.932285292026,5857.100097644348,0.4880450205567597,89,12,False,36380dff35eb0898bbca3f4af419771c8ace70f2d9336ff6e54efa4efeaf3921
sutil,GC2_XGBoost,8,C:\Machine-learming\Machine-Learning-Multimodal--Agro-NLP-Clima-\v2_reentrenamiento\resultados_v2_final\official_gc2_xgboost\sutil\GC2_XGBoost\seed_08,,621.8394613252749,772.9980132258013,0.9908312498733494,4534.7281403300785,6108.939022902876,0.44307327397223706,89,12,False,36380dff35eb0898bbca3f4af419771c8ace70f2d9336ff6e54efa4efeaf3921
sutil,GC2_XGBoost,9,C:\Machine-learming\Machine-Learning-Multimodal--Agro-NLP-Clima-\v2_reentrenamiento\resultados_v2_final\official_gc2_xgboost\sutil\GC2_XGBoost\seed_09,,644.2037555689685,797.0466161728475,0.9902518809032835,4706.915026724453,6077.665886330437,0.448760764050643,89,12,False,36380dff35eb0898bbca3f4af419771c8ace70f2d9336ff6e54efa4efeaf3921
dulce,GC2_XGBoost,0,C:\Machine-learming\Machine-Learning-Multimodal--Agro-NLP-Clima-\v2_reentrenamiento\resultados_v2_final\official_gc2_xgboost\dulce\GC2_XGBoost\seed_00,,6.352738063001637,7.910169384654574,0.9970164247254473,46.27664145860206,54.103799715305264,0.8773762749586824,89,12,False,36380dff35eb0898bbca3f4af419771c8ace70f2d9336ff6e54efa4efeaf3921
dulce,GC2_XGBoost,1,C:\Machine-learming\Machine-Learning-Multimodal--Agro-NLP-Clima-\v2_reentrenamiento\resultados_v2_final\official_gc2_xgboost\dulce\GC2_XGBoost\seed_01,,5.9697721421132695,7.583476420054685,0.9972577811358329,45.88895050210829,55.36913287105335,0.8715735683625034,89,12,False,36380dff35eb0898bbca3f4af419771c8ace70f2d9336ff6e54efa4efeaf3921
dulce,GC2_XGBoost,2,C:\Machine-learming\Machine-Learning-Multimodal--Agro-NLP-Clima-\v2_reentrenamiento\resultados_v2_final\official_gc2_xgboost\dulce\GC2_XGBoost\seed_02,,6.537351900536261,8.024659014223037,0.9969294327939191,47.08379978063339,56.794107175735704,0.8648781680097584,89,12,False,36380dff35eb0898bbca3f4af419771c8ace70f2d9336ff6e54efa4efeaf3921
dulce,GC2_XGBoost,3,C:\Machine-learming\Machine-Learning-Multimodal--Agro-NLP-Clima-\v2_reentrenamiento\resultados_v2_final\official_gc2_xgboost\dulce\GC2_XGBoost\seed_03,,6.099737000303145,7.481604289558446,0.997330961115454,49.29961768987315,57.30943405747556,0.8624149611105358,89,12,False,36380dff35eb0898bbca3f4af419771c8ace70f2d9336ff6e54efa4efeaf3921
dulce,GC2_XGBoost,4,C:\Machine-learming\Machine-Learning-Multimodal--Agro-NLP-Clima-\v2_reentrenamiento\resultados_v2_final\official_gc2_xgboost\dulce\GC2_XGBoost\seed_04,,6.2759789320812835,7.781675494797085,0.9971125686654251,48.69607793267238,56.66942940332328,0.865470771659369,89,12,False,36380dff35eb0898bbca3f4af419771c8ace70f2d9336ff6e54efa4efeaf3921
dulce,GC2_XGBoost,5,C:\Machine-learming\Machine-Learning-Multimodal--Agro-NLP-Clima-\v2_reentrenamiento\resultados_v2_final\official_gc2_xgboost\dulce\GC2_XGBoost\seed_05,,6.247133310402181,7.782832390429146,0.9971117100572724,49.21304887907462,59.649284932090104,0.8509508667020244,89,12,False,36380dff35eb0898bbca3f4af419771c8ace70f2d9336ff6e54efa4efeaf3921
dulce,GC2_XGBoost,6,C:\Machine-learming\Machine-Learning-Multimodal--Agro-NLP-Clima-\v2_reentrenamiento\resultados_v2_final\official_gc2_xgboost\dulce\GC2_XGBoost\seed_06,,5.833639784266558,7.332831368944926,0.997436054271294,48.82404093882363,59.622149311477784,0.8510864465591248,89,12,False,36380dff35eb0898bbca3f4af419771c8ace70f2d9336ff6e54efa4efeaf3921
dulce,GC2_XGBoost,7,C:\Machine-learming\Machine-Learning-Multimodal--Agro-NLP-Clima-\v2_reentrenamiento\resultados_v2_final\official_gc2_xgboost\dulce\GC2_XGBoost\seed_07,,6.117652267990325,7.575650979715188,0.997263437644023,47.08761890904881,56.074128329559116,0.8682823317672499,89,12,False,36380dff35eb0898bbca3f4af419771c8ace70f2d9336ff6e54efa4efeaf3921
dulce,GC2_XGBoost,8,C:\Machine-learming\Machine-Learning-Multimodal--Agro-NLP-Clima-\v2_reentrenamiento\resultados_v2_final\official_gc2_xgboost\dulce\GC2_XGBoost\seed_08,,6.422347924915878,8.005290948259521,0.9969442369568069,55.45888910746883,65.01312340974584,0.8229397659531237,89,12,False,36380dff35eb0898bbca3f4af419771c8ace70f2d9336ff6e54efa4efeaf3921
dulce,GC2_XGBoost,9,C:\Machine-learming\Machine-Learning-Multimodal--Agro-NLP-Clima-\v2_reentrenamiento\resultados_v2_final\official_gc2_xgboost\dulce\GC2_XGBoost\seed_09,,6.423653578748145,7.87559060499474,0.9970424527129979,46.958423209723684,54.334445987496636,0.8763285485416226,89,12,False,36380dff35eb0898bbca3f4af419771c8ace70f2d9336ff6e54efa4efeaf3921
