cultivar,modelo,ranking_NLP,variable_NLP,mean_abs_SHAP,participacion_relativa_individual_en_NLP,participacion_NLP_total_GE,shock_mean_abs_SHAP,nonshock_mean_abs_SHAP,diferencia_shock_menos_nonshock,seed_mean,seed_median,seed_SD,seed_min,seed_max,rank_SD_seeds
sutil,GE,5,avg_sentiment_lag1,0.02340992221,0.145711352519,0.103566090156,0.0288798201905,0.0215866228832,0.00729319730728,0.02340992221,0.0172123533452,0.0188989124101,0.005042218767,0.0574496490775,1.82878222991
sutil,GE,4,avg_sentiment_lag3,0.0264217709116,0.164458127666,0.103566090156,0.022039518848,0.0278825215995,-0.00584300275145,0.0264217709116,0.0278441806472,0.0165437367166,0.00353314746269,0.0500104782521,1.93218356616
sutil,GE,3,avg_sentiment_lag6,0.0270833949556,0.168576301723,0.103566090156,0.0163271755263,0.030668801432,-0.0143416259057,0.0270833949556,0.0256074664785,0.0221693933066,0.00440441623111,0.0801264779716,1.64991582277
sutil,GE,2,n_noticias_lag1,0.0293235081675,0.182519531562,0.103566090156,0.0255980872569,0.0305653151377,-0.00496722788074,0.0293235081675,0.0280746791457,0.0215681237257,0.00555782602872,0.0742773459819,1.28668393771
sutil,GE,6,n_noticias_lag3,0.0231465651609,0.144072128284,0.103566090156,0.0193421731021,0.0244146958471,-0.00507252274506,0.0231465651609,0.0183145494017,0.0162493235411,0.00559044321837,0.0473642566518,1.93218356616
sutil,GE,1,n_noticias_lag6,0.0312744015272,0.194662558246,0.103566090156,0.0250869406577,0.0333368884836,-0.0082499478259,0.0312744015272,0.0290852297834,0.0221076334984,0.00400367934933,0.0662195996086,1.4944341181
dulce,GE,2,avg_sentiment_lag1,0.0321486672395,0.180014792142,0.0863412752826,0.0234800671621,0.0350382005987,-0.0115581334366,0.0321486672395,0.0326130561343,0.00777580216193,0.022485344466,0.045334642372,2.162817093
dulce,GE,4,avg_sentiment_lag3,0.0288869745492,0.161751113362,0.0863412752826,0.0323549779336,0.0277309734211,0.00462400451248,0.0288869745492,0.0302357276681,0.00593159275519,0.0169563485857,0.0347279383345,1.76698110409
dulce,GE,5,avg_sentiment_lag6,0.027343630086,0.153109236214,0.0863412752826,0.0287063927781,0.0268893758553,0.00181701692273,0.027343630086,0.0272074814115,0.00570516550204,0.015858038006,0.0390133429585,1.61932770687
dulce,GE,1,n_noticias_lag1,0.0329550889087,0.184530308387,0.0863412752826,0.0359571143906,0.0319544137481,0.00400270064247,0.0329550889087,0.0313184082569,0.00648198502567,0.0251939755504,0.046781607067,1.33749350985
dulce,GE,3,n_noticias_lag3,0.0302166499934,0.169196561937,0.0863412752826,0.0255829429725,0.0317612190004,-0.00617827602794,0.0302166499934,0.0301156722404,0.00654443886812,0.0202210628578,0.0398791946465,1.71269767716
dulce,GE,6,n_noticias_lag6,0.0270380199187,0.151397987958,0.0863412752826,0.0200675484928,0.029361510394,-0.00929396190115,0.0270380199187,0.0285096322125,0.00652430024702,0.0157832628253,0.0386452704737,1.59513148187
