cultivar,modelo,grupo,mean_abs_SHAP,participacion,SD_seeds,suma_participaciones_modelo,check_suma_aprox_1
sutil,GC3,INDECI,0.737219500937,0.399091695241,0.340796681396,1,PASS
sutil,GC3,NASA/clima,0.729441675426,0.394881191362,0.288840817956,1,PASS
sutil,GC3,produccion historica,0.227383496274,0.123093413675,0.0964417141145,1,PASS
sutil,GC3,temporalidad,0.153198729639,0.0829336997228,0.0701134382141,1,PASS
sutil,GE,INDECI,0.45647064055,0.294254998892,0.349073827033,1,PASS
sutil,GE,NASA/clima,0.654202575258,0.421719078856,0.472552114794,1,PASS
sutil,GE,NLP,0.160659562933,0.103566090156,0.109369052348,1,PASS
sutil,GE,produccion historica,0.162316969076,0.104634505076,0.106376714954,1,PASS
sutil,GE,temporalidad,0.117625990127,0.0758253270196,0.0829773625513,1,PASS
dulce,GC3,INDECI,0.616820571802,0.315083832289,0.105884275134,1,PASS
dulce,GC3,NASA/clima,0.807688035097,0.412582609962,0.0851131552351,1,PASS
dulce,GC3,produccion historica,0.324832645933,0.165930774057,0.0389452756519,1,PASS
dulce,GC3,temporalidad,0.208298297635,0.106402783692,0.0211979435596,1,PASS
dulce,GE,INDECI,0.56348244216,0.272423185601,0.102795731274,1,PASS
dulce,GE,NASA/clima,0.800883492345,0.387197924825,0.0910017062533,1,PASS
dulce,GE,NLP,0.178589030696,0.0863412752826,0.0123129497298,1,PASS
dulce,GE,produccion historica,0.3191407145,0.154292882252,0.0300496916494,1,PASS
dulce,GE,temporalidad,0.206312855046,0.0997447320393,0.022147483386,1,PASS
