cultivar,modelo,nivel,nombre,mean,median,SD,min,max,rank_SD,clasificacion
sutil,GC3,grupo,INDECI,0.737219500937,0.809581471932,0.340796681396,0.174952785454,1.16017927914,0.48304589154,relativamente estable
sutil,GC3,grupo,NASA/clima,0.729441675426,0.858066138625,0.288840817956,0.205232317966,0.970280719026,0.48304589154,relativamente estable
sutil,GC3,grupo,produccion historica,0.227383496274,0.258885343633,0.0964417141145,0.0540634533151,0.326266763577,0,relativamente estable
sutil,GC3,grupo,temporalidad,0.153198729639,0.15673960378,0.0701134382141,0.034332260694,0.256239192864,0,relativamente estable
sutil,GC3,feature,produccion_t_sutil,0.0481491725019,0.047719873879,0.0229476056499,0.0106497451465,0.0864761752939,8.30060238778,altamente variable
sutil,GC3,feature,produccion_t_sutil_lag1,0.0515963095183,0.0500250376071,0.0280852230673,0.0108819048821,0.104685837923,10.0221975856,altamente variable
sutil,GC3,feature,produccion_t_sutil_lag3,0.057485293039,0.056542040139,0.0279776719701,0.0148465176476,0.0986371323315,5.28730134904,altamente variable
sutil,GC3,feature,produccion_t_sutil_lag6,0.0701527212147,0.0722328683966,0.0335301152469,0.0176852856389,0.118923804414,6.50555318341,altamente variable
sutil,GC3,feature,mes_sin,0.0415472869821,0.0464251662979,0.0175308348678,0.0108753675118,0.0617785881212,7.62743585865,altamente variable
sutil,GC3,feature,mes_cos,0.0512120036255,0.0438762584139,0.0314536470631,0.0111485613817,0.110427159465,12.2220202004,altamente variable
sutil,GC3,feature,t_index,0.0604394390318,0.0617408376531,0.0284750933676,0.0123083318005,0.106342779123,6.96100248208,altamente variable
sutil,GC3,feature,T2M_lag1,0.0570226212223,0.0621221401466,0.0253885073948,0.0137230127704,0.084904242665,9.11713892744,altamente variable
sutil,GC3,feature,T2M_lag3,0.0371872447932,0.0403477325935,0.0146614690846,0.0114376074125,0.0508345196422,6.39791632747,altamente variable
sutil,GC3,feature,T2M_lag6,0.0393735573259,0.0382219690252,0.0221767685774,0.010343162148,0.0733313731549,9.24000962,altamente variable
sutil,GC3,feature,T2M_MAX_lag1,0.0567634690832,0.0607010960775,0.0278181358651,0.00996058975951,0.103927597718,9.73481723848,altamente variable
sutil,GC3,feature,T2M_MAX_lag3,0.0430028031439,0.0440144470859,0.0204667363906,0.0109348139865,0.0740496610351,8.13497251242,altamente variable
sutil,GC3,feature,T2M_MAX_lag6,0.0421736665762,0.0432347483501,0.0164648315591,0.0132044190198,0.0587768613681,8.37721778264,altamente variable
sutil,GC3,feature,WS2M_lag1,0.0454878072033,0.044759959885,0.0255766498731,0.0110907996554,0.0823402103237,9.98276292193,altamente variable
sutil,GC3,feature,WS2M_lag3,0.0680072640778,0.0715729840581,0.0328666072573,0.0133082557318,0.125051089088,6.96419413859,altamente variable
sutil,GC3,feature,WS2M_lag6,0.0414823861652,0.0424393596768,0.0205230236643,0.0105534416027,0.0752862265613,8.61265219185,altamente variable
sutil,GC3,feature,PRECTOTCORR_lag1,0.045235842045,0.0458699620204,0.0189260565955,0.0120939280129,0.0655840281155,9.26222915334,altamente variable
sutil,GC3,feature,PRECTOTCORR_lag3,0.0580995967898,0.0601891659804,0.0311431634994,0.0140705332019,0.106337813455,9.5800719088,altamente variable
sutil,GC3,feature,PRECTOTCORR_lag6,0.0650906743874,0.0698576286308,0.0321321605476,0.0115272493492,0.123333126508,7.21803297305,altamente variable
sutil,GC3,feature,RH2M_lag1,0.0352228127698,0.0335422142081,0.0164482660052,0.00960056055441,0.0612823167592,8.946756085,altamente variable
sutil,GC3,feature,RH2M_lag3,0.0461247417181,0.0503673172256,0.020807973858,0.00966771387546,0.0715941822002,10.1192885125,altamente variable
sutil,GC3,feature,RH2M_lag6,0.0491671881244,0.0447640476402,0.0261109911848,0.0122722984536,0.0902809798274,9.09273214044,altamente variable
sutil,GC3,feature,num_emergencias_lag1,0.0740470066374,0.0707415328724,0.0377979514255,0.012002140747,0.135098504394,7.10242525089,altamente variable
sutil,GC3,feature,num_emergencias_lag3,0.0313312031603,0.0330050226683,0.0138492450551,0.00879229502685,0.0518191149114,7.14609450446,altamente variable
sutil,GC3,feature,num_emergencias_lag6,0.0504083396773,0.0527036330498,0.0224882139133,0.00877846781943,0.0788065065286,11.0277427931,altamente variable
sutil,GC3,feature,personas_afectadas_lag1,0.0600743521376,0.0546232112631,0.033792758228,0.014029519549,0.112187625971,9.68618718703,altamente variable
sutil,GC3,feature,personas_afectadas_lag3,0.0863823519644,0.0802733735787,0.0443120389905,0.0112048922275,0.146974650481,8.39378076647,altamente variable
sutil,GC3,feature,personas_afectadas_lag6,0.0325785750717,0.0389491275741,0.0143660815103,0.00935219381972,0.0492152289587,6.79869268479,altamente variable
sutil,GC3,feature,personas_damnificadas_lag1,0.0525716347097,0.0563121252337,0.0243968403109,0.00852666838258,0.0899467910968,11.242775458,altamente variable
sutil,GC3,feature,personas_damnificadas_lag3,0.059344916296,0.0575290289515,0.0321998423758,0.0124171851686,0.108201221175,9.69822435065,altamente variable
sutil,GC3,feature,personas_damnificadas_lag6,0.0399727702122,0.04439835048,0.0240869041911,0.00811117783909,0.088468924512,8.28921655593,altamente variable
sutil,GC3,feature,hectareas_cultivo_perdidas_lag1,0.0356953037045,0.0345559783405,0.0183246473817,0.00777499063664,0.067376488979,9.4375137969,altamente variable
sutil,GC3,feature,hectareas_cultivo_perdidas_lag3,0.0442707175163,0.0465998668081,0.0230384597088,0.0102460818826,0.0807197756807,7.03957069398,altamente variable
sutil,GC3,feature,hectareas_cultivo_perdidas_lag6,0.0432620239908,0.0417716453999,0.0236755983547,0.0122351221115,0.0757622566745,7.98679465674,altamente variable
sutil,GC3,feature,hectareas_cultivo_afectadas_lag1,0.0537480806566,0.0604601728134,0.0346195074779,0.0117949268175,0.12716635863,10.1154447367,altamente variable
sutil,GC3,feature,hectareas_cultivo_afectadas_lag3,0.0396330987332,0.0408225941144,0.0200994768763,0.00923616922887,0.0708175013247,7.55424825291,altamente variable
sutil,GC3,feature,hectareas_cultivo_afectadas_lag6,0.0338991264691,0.0318777832493,0.018364264845,0.00886874341989,0.06760887416,5.22919156701,altamente variable
sutil,GE,grupo,INDECI,0.45647064055,0.352262568466,0.349073827033,0.0918411001686,1.14957470184,0,altamente variable
sutil,GE,grupo,NASA/clima,0.654202575258,0.640038741231,0.472552114794,0.106437071764,1.48695930523,0,intermedia
sutil,GE,grupo,NLP,0.160659562933,0.156823778443,0.109369052348,0.0286214797772,0.359078982002,0.516397779494,intermedia
sutil,GE,grupo,produccion historica,0.162316969076,0.164446499207,0.106376714954,0.0297474987985,0.323699075455,0.516397779494,intermedia
sutil,GE,grupo,temporalidad,0.117625990127,0.106782509348,0.0829773625513,0.0221151948509,0.275693738777,0,intermedia
sutil,GE,feature,produccion_t_sutil,0.0365349286627,0.0342951715161,0.0250015562717,0.00615211161689,0.0845425497882,11.0075731506,altamente variable
sutil,GE,feature,produccion_t_sutil_lag1,0.0420970841259,0.034709696782,0.0310070585793,0.00617892506322,0.0959126760522,9.89051172702,altamente variable
sutil,GE,feature,produccion_t_sutil_lag3,0.0308238023857,0.0265951380504,0.0219612096706,0.00803443809374,0.0746069129789,8.5660829892,altamente variable
sutil,GE,feature,produccion_t_sutil_lag6,0.0528611539017,0.0566746131372,0.0362554554692,0.00938202402468,0.0955264255737,8.38583461691,altamente variable
sutil,GE,feature,mes_sin,0.0333322758551,0.0359896547872,0.0218416240137,0.00479899237581,0.0662384056797,12.8153553729,altamente variable
sutil,GE,feature,mes_cos,0.0445498661268,0.0342815692391,0.0350910503655,0.00680122772877,0.107428760178,10.7646540947,altamente variable
sutil,GE,feature,t_index,0.0397438481453,0.0318457897907,0.0300727496707,0.00966713430154,0.104006330807,8.47545475673,altamente variable
sutil,GE,feature,T2M_lag1,0.0523822975192,0.057644810614,0.0359234662636,0.00748578280578,0.0949297549134,8.33266664,altamente variable
sutil,GE,feature,T2M_lag3,0.039609308981,0.0401480957848,0.0269016650744,0.00626293225141,0.0782219805023,9.62000231,altamente variable
sutil,GE,feature,T2M_lag6,0.0522727061781,0.0415096927731,0.0426032860291,0.00726509260454,0.129080591786,10.2680734967,altamente variable
sutil,GE,feature,T2M_MAX_lag1,0.0452742203036,0.0356458790442,0.036584819074,0.00919588119052,0.127659428316,7.78959419853,altamente variable
sutil,GE,feature,T2M_MAX_lag3,0.05232817726,0.0589303032485,0.0351184132796,0.00751925439461,0.0886094050788,5.96284794,altamente variable
sutil,GE,feature,T2M_MAX_lag6,0.0356103090708,0.0337480629642,0.0250519002902,0.00531313711233,0.075503350839,8.57904423581,altamente variable
sutil,GE,feature,WS2M_lag1,0.053195365484,0.0395892143554,0.0437467971075,0.00773410402913,0.129482800023,10.4695325164,altamente variable
sutil,GE,feature,WS2M_lag3,0.0506514894112,0.0418219372742,0.0427719522968,0.00868571122326,0.146784301609,5.1001089313,altamente variable
sutil,GE,feature,WS2M_lag6,0.0458434160593,0.0430377172308,0.0348863778419,0.00633303171027,0.0970755095138,8.08565258824,altamente variable
sutil,GE,feature,PRECTOTCORR_lag1,0.0326094171144,0.0273408905395,0.0236737334829,0.00549083041816,0.0678913301074,7.39744700706,altamente variable
sutil,GE,feature,PRECTOTCORR_lag3,0.0516227852864,0.0417365471961,0.0427912655948,0.00761706798047,0.139945277276,7.37864787373,altamente variable
sutil,GE,feature,PRECTOTCORR_lag6,0.0508115294755,0.0392762511041,0.0437677698645,0.00791192904908,0.145954613404,7.05533682951,altamente variable
sutil,GE,feature,RH2M_lag1,0.0374619139569,0.0363746024909,0.027197188156,0.00640597741432,0.0748881841468,8.43010478385,altamente variable
sutil,GE,feature,RH2M_lag3,0.0294167662626,0.0244166718041,0.0221661439227,0.006093819323,0.0642939906136,7.54541803569,altamente variable
sutil,GE,feature,RH2M_lag6,0.0251128728952,0.0182710506816,0.0187390605096,0.00712252025687,0.0563755884554,8.21989456542,altamente variable
sutil,GE,feature,num_emergencias_lag1,0.0518933576996,0.0352456175432,0.0486315260328,0.00758864440722,0.157377244378,9.51957048518,altamente variable
sutil,GE,feature,num_emergencias_lag3,0.025421362095,0.0255562595223,0.0177772130121,0.0046078773092,0.0596484262795,6.98888005652,altamente variable
sutil,GE,feature,num_emergencias_lag6,0.0319130453827,0.0287495957912,0.024324336678,0.00605857137252,0.0723638494164,9.44927980795,altamente variable
sutil,GE,feature,personas_afectadas_lag1,0.0295814188127,0.0187061950593,0.0237715984741,0.0083712170078,0.0715102879843,11.6184718827,altamente variable
sutil,GE,feature,personas_afectadas_lag3,0.0579508989566,0.0402643015129,0.0535479901836,0.00860195719432,0.168303058044,10.4291258822,altamente variable
sutil,GE,feature,personas_afectadas_lag6,0.0258044814495,0.0246233573096,0.0217905795781,0.00462789788651,0.079035493912,10.5113695059,altamente variable
sutil,GE,feature,personas_damnificadas_lag1,0.0310819454842,0.0317239207114,0.0215609144566,0.00537739984909,0.0571009756693,9.04556367631,altamente variable
sutil,GE,feature,personas_damnificadas_lag3,0.0273317749124,0.0162547984935,0.0219648773912,0.00746946424677,0.072495663749,10.7785795807,altamente variable
sutil,GE,feature,personas_damnificadas_lag6,0.0234566908684,0.0195707142592,0.0165325490168,0.00377266029515,0.0436719375487,6.35609943283,altamente variable
sutil,GE,feature,hectareas_cultivo_perdidas_lag1,0.0272310312819,0.0230341819556,0.0236873768435,0.00444233205849,0.0861177378507,9.86351300952,altamente variable
sutil,GE,feature,hectareas_cultivo_perdidas_lag3,0.0242728793415,0.0221002443008,0.0173413000975,0.00612860274974,0.054777653335,7.57481206221,altamente variable
sutil,GE,feature,hectareas_cultivo_perdidas_lag6,0.0233954428818,0.0131084818724,0.0205689322473,0.00468458806561,0.0672206248523,5.64111888035,altamente variable
sutil,GE,feature,hectareas_cultivo_afectadas_lag1,0.0293648486674,0.0269976640099,0.0200768905151,0.00407482598016,0.0576289258731,9.86576572463,altamente variable
sutil,GE,feature,hectareas_cultivo_afectadas_lag3,0.029099282436,0.0228100766178,0.0260874694045,0.00482391668252,0.0935241714049,10.4029910229,altamente variable
sutil,GE,feature,hectareas_cultivo_afectadas_lag6,0.0186721802805,0.0196408570373,0.0119104941083,0.0050440942257,0.0395958038652,5.71158666416,altamente variable
sutil,GE,feature,avg_sentiment_lag1,0.02340992221,0.0172123533452,0.0188989124101,0.005042218767,0.0574496490775,6.82234889495,altamente variable
sutil,GE,feature,avg_sentiment_lag3,0.0264217709116,0.0278441806472,0.0165437367166,0.00353314746269,0.0500104782521,10.6374600143,altamente variable
sutil,GE,feature,avg_sentiment_lag6,0.0270833949556,0.0256074664785,0.0221693933066,0.00440441623111,0.0801264779716,10.2111050659,altamente variable
sutil,GE,feature,n_noticias_lag1,0.0293235081675,0.0280746791457,0.0215681237257,0.00555782602872,0.0742773459819,8.13497251242,altamente variable
sutil,GE,feature,n_noticias_lag3,0.0231465651609,0.0183145494017,0.0162493235411,0.00559044321837,0.0473642566518,7.18717994456,altamente variable
sutil,GE,feature,n_noticias_lag6,0.0312744015272,0.0290852297834,0.0221076334984,0.00400367934933,0.0662195996086,11.1000500499,altamente variable
sutil,XGBoost,grupo,INDECI,0.221673888969,0.22009498253,0.0202385652722,0.191859972612,0.257845886349,0,relativamente estable
sutil,XGBoost,grupo,NASA/clima,0.538837890325,0.533015936183,0.0303806990731,0.498650369632,0.60532024434,0,relativamente estable
sutil,XGBoost,grupo,produccion historica,0.716056569118,0.718104035085,0.0247456420371,0.655751764355,0.742086668505,0,relativamente estable
sutil,XGBoost,grupo,temporalidad,0.0730942826846,0.0723655831165,0.00937675090521,0.0607324967759,0.0909882003502,0,relativamente estable
sutil,XGBoost,feature,produccion_t_sutil,0.665813895499,0.675221372234,0.028165758145,0.599950279809,0.69437486116,0,relativamente estable
sutil,XGBoost,feature,produccion_t_sutil_lag1,0.0139725835957,0.012914657972,0.00571948961166,0.00508400301563,0.0242079755935,5.05525029603,altamente variable
sutil,XGBoost,feature,produccion_t_sutil_lag3,0.0210381437954,0.0220491063374,0.0096155634546,0.00707771186179,0.0353073007612,7.7952977279,altamente variable
sutil,XGBoost,feature,produccion_t_sutil_lag6,0.0152319462277,0.0129584591351,0.0077683298403,0.00755956757651,0.0324943096537,5.78887822562,altamente variable
sutil,XGBoost,feature,mes_sin,0.00215567245923,0.00187435643511,0.00149782476292,0.000521628116985,0.00483492981948,2.18326971918,intermedia
sutil,XGBoost,feature,mes_cos,0.0504781255398,0.0479949155021,0.00851511620381,0.0411284901338,0.0667675484401,0.918936583473,relativamente estable
sutil,XGBoost,feature,t_index,0.0204604846855,0.0203115757212,0.0062612646918,0.0102356379984,0.0308764684295,4.77144282861,intermedia
sutil,XGBoost,feature,T2M_lag1,0.00591735651839,0.00537673902363,0.00352820270061,0.00129891079814,0.012617101392,4.4671641514,intermedia
sutil,XGBoost,feature,T2M_lag3,0.00669776264816,0.00614479807598,0.00298000518503,0.00297718090527,0.0116663426961,3.28125992062,intermedia
sutil,XGBoost,feature,T2M_lag6,0.100826953404,0.101592793386,0.0133965042155,0.0818302586425,0.120734642636,0,relativamente estable
sutil,XGBoost,feature,T2M_MAX_lag1,0.0309521113381,0.0296935306171,0.00679282938557,0.018519719262,0.0418700913748,1.88561808316,relativamente estable
sutil,XGBoost,feature,T2M_MAX_lag3,0.0190209267553,0.018333625297,0.00277489424204,0.0144613230095,0.0248892636182,2.49443825785,intermedia
sutil,XGBoost,feature,T2M_MAX_lag6,0.00616859136832,0.00577109968913,0.0025719065818,0.0016181368137,0.00989697141722,3.26768691551,intermedia
sutil,XGBoost,feature,WS2M_lag1,0.0568089384128,0.0545335899812,0.0118605142189,0.0431243855761,0.0756365239328,1.07496769977,relativamente estable
sutil,XGBoost,feature,WS2M_lag3,0.143613429471,0.145542847593,0.0206561986062,0.111161403033,0.171968886773,0,relativamente estable
sutil,XGBoost,feature,WS2M_lag6,0.0118121643638,0.0119922101677,0.00553826466144,0.00389802937025,0.0209739913407,6.11464544261,altamente variable
sutil,XGBoost,feature,PRECTOTCORR_lag1,0.0162697393649,0.0160182228994,0.00515219517353,0.00548732876814,0.0223308193342,5.22919156701,altamente variable
sutil,XGBoost,feature,PRECTOTCORR_lag3,0.00856761358785,0.00890820985266,0.00418468493666,0.00210977855386,0.0141656691776,4.5264653858,intermedia
sutil,XGBoost,feature,PRECTOTCORR_lag6,0.0178163259908,0.0163695753965,0.00601951174151,0.0107624809504,0.0275907970505,4.39696865276,intermedia
sutil,XGBoost,feature,RH2M_lag1,0.0182764139214,0.0147589049428,0.00649696480429,0.0123578058119,0.0313960169303,3.85284887381,intermedia
sutil,XGBoost,feature,RH2M_lag3,0.0688375463427,0.0702263078354,0.0084490293628,0.0547556446866,0.0830721552793,0.421637021356,relativamente estable
sutil,XGBoost,feature,RH2M_lag6,0.0272520168374,0.0266339789452,0.00363653773801,0.0229731219376,0.0331004753777,1.59513148187,relativamente estable
sutil,XGBoost,feature,num_emergencias_lag1,0.0141896883931,0.0132693301947,0.00621342207863,0.00421396712932,0.0245488248499,6.85484419144,altamente variable
sutil,XGBoost,feature,num_emergencias_lag3,0.0467838417256,0.0453419422045,0.0107548745286,0.0354861688393,0.066148176784,1.50923085636,relativamente estable
sutil,XGBoost,feature,num_emergencias_lag6,0.0130121158596,0.0137129400118,0.00586870867234,0.00573995294326,0.024952814652,5.45282801245,altamente variable
sutil,XGBoost,feature,personas_afectadas_lag1,0.00297127910934,0.00291647143843,0.00163823064631,0.00011863889813,0.00534291327009,2.162817093,intermedia
sutil,XGBoost,feature,personas_afectadas_lag3,0.0370306786443,0.0378188218338,0.00519808429156,0.02836156588,0.0462035170682,1.4944341181,relativamente estable
sutil,XGBoost,feature,personas_afectadas_lag6,0.00238007869566,0.00223338647356,0.0012628449227,0.000571045339105,0.00486763746085,2.36877840059,intermedia
sutil,XGBoost,feature,personas_damnificadas_lag1,0.00273443365556,0.00256994939991,0.00191437703124,0,0.00653559907126,2.2632326929,intermedia
sutil,XGBoost,feature,personas_damnificadas_lag3,0.0048238900682,0.00446244625042,0.00236897481249,0.00197471850091,0.00982145696162,3.48966728755,intermedia
sutil,XGBoost,feature,personas_damnificadas_lag6,0.00675986347571,0.00694268100968,0.00421183567883,0.00194439203915,0.0143832827098,5.93389510449,altamente variable
sutil,XGBoost,feature,hectareas_cultivo_perdidas_lag1,0.0163341325586,0.0150912507609,0.00727249060745,0.00692438106853,0.0288521189591,6.01849002842,altamente variable
sutil,XGBoost,feature,hectareas_cultivo_perdidas_lag3,0.0045034809303,0.00452466494274,0.00241698838606,0.000849191967063,0.00872624070447,3.37309617085,intermedia
sutil,XGBoost,feature,hectareas_cultivo_perdidas_lag6,0.0188996924674,0.0193720932263,0.00582172101028,0.0106177609582,0.0282948544353,4.77958622105,intermedia
sutil,XGBoost,feature,hectareas_cultivo_afectadas_lag1,0.0136216284099,0.0134469468345,0.00376991930376,0.00782761870869,0.0197313467943,4.64279609239,intermedia
sutil,XGBoost,feature,hectareas_cultivo_afectadas_lag3,0.0245902696822,0.0204503619748,0.0105938937062,0.0113922589753,0.0432506436377,4.98998997995,intermedia
sutil,XGBoost,feature,hectareas_cultivo_afectadas_lag6,0.013038815294,0.0132075973657,0.0032942698008,0.00894358586341,0.0174725265345,3.88158043414,intermedia
dulce,GC3,grupo,INDECI,0.616820571802,0.616586834026,0.105884275134,0.478812387757,0.804123718268,0,relativamente estable
dulce,GC3,grupo,NASA/clima,0.807688035097,0.801086556242,0.0851131552351,0.717876768991,0.970373188423,0,relativamente estable
dulce,GC3,grupo,produccion historica,0.324832645933,0.319853828693,0.0389452756519,0.256545036719,0.392853522112,0,relativamente estable
dulce,GC3,grupo,temporalidad,0.208298297635,0.206272896302,0.0211979435596,0.177473609529,0.25094457594,0,relativamente estable
dulce,GC3,feature,produccion_t_dulce,0.0555602062892,0.0526621838105,0.0133242107415,0.0363804006202,0.0838299921096,8.32733117178,altamente variable
dulce,GC3,feature,produccion_t_dulce_lag1,0.0915157370826,0.0884373469801,0.0207716534522,0.0598838795972,0.136662745006,2.45175673979,intermedia
dulce,GC3,feature,produccion_t_dulce_lag3,0.0873097439586,0.0838325230197,0.0162051046761,0.066087834308,0.118821777256,3.02030167735,intermedia
dulce,GC3,feature,produccion_t_dulce_lag6,0.0904469586027,0.0931121939297,0.021589540039,0.0502718905079,0.123492752259,3.40587727319,intermedia
dulce,GC3,feature,mes_sin,0.0496622702403,0.0447461598529,0.0123195188541,0.0368990412352,0.0731352087822,9.45691986502,altamente variable
dulce,GC3,feature,mes_cos,0.0775979630515,0.0795663980319,0.0156820786811,0.0507550362155,0.108794953676,4.45221542855,intermedia
dulce,GC3,feature,t_index,0.0810380643427,0.0806152503031,0.0113195085243,0.067689040802,0.103151340606,2.93636207274,intermedia
dulce,GC3,feature,T2M_lag1,0.0678280526239,0.0632661613847,0.0161191680522,0.0429307313583,0.0924324199465,6.8871861695,altamente variable
dulce,GC3,feature,T2M_lag3,0.0443187727298,0.0419064285591,0.0120043923781,0.0296483728467,0.0683825809039,7.41245198598,altamente variable
dulce,GC3,feature,T2M_lag6,0.0659919099769,0.0668242375613,0.0111516972776,0.0402617817211,0.0823319272899,6.0598863209,altamente variable
dulce,GC3,feature,T2M_MAX_lag1,0.0678276717795,0.0651995917303,0.00741669982652,0.0578468418924,0.0811012087503,4.1753243387,intermedia
dulce,GC3,feature,T2M_MAX_lag3,0.055927496422,0.0530271462129,0.0126141078431,0.0411712734353,0.0846183471598,7.29459465023,altamente variable
dulce,GC3,feature,T2M_MAX_lag6,0.0397044963837,0.0353858036688,0.0131022727748,0.0266577245606,0.0695897435334,8.75912222898,altamente variable
dulce,GC3,feature,WS2M_lag1,0.0590571827848,0.060886844914,0.0097082491113,0.0378371836838,0.0713997267556,6.38052592747,altamente variable
dulce,GC3,feature,WS2M_lag3,0.0630610829381,0.0633675981473,0.00660503088907,0.0538964924606,0.0756239942073,4.48330235429,intermedia
dulce,GC3,feature,WS2M_lag6,0.0524952933508,0.050825956452,0.0143908371032,0.0366079093255,0.0797423222981,7.31816613337,altamente variable
dulce,GC3,feature,PRECTOTCORR_lag1,0.0375104955061,0.0352378357378,0.0107623495118,0.027486832562,0.0605220540021,4.73755680118,intermedia
dulce,GC3,feature,PRECTOTCORR_lag3,0.0585961982688,0.060152454461,0.00927842634131,0.0414927080283,0.0712986737608,4.35124503255,intermedia
dulce,GC3,feature,PRECTOTCORR_lag6,0.0624262502765,0.0616898005936,0.00675487970172,0.0543637385265,0.0767213877809,3.51030229784,intermedia
dulce,GC3,feature,RH2M_lag1,0.0481675917347,0.0436762926572,0.0139669703446,0.0323178393218,0.0727454863835,7.50111102882,altamente variable
dulce,GC3,feature,RH2M_lag3,0.0318391223664,0.0318116476407,0.00787046470633,0.0217332558901,0.0442100881847,2.48551358431,intermedia
dulce,GC3,feature,RH2M_lag6,0.052936417955,0.0479660295819,0.00930214158235,0.042830817951,0.0698455937913,4.43345864485,intermedia
dulce,GC3,feature,num_emergencias_lag1,0.0537978098128,0.0538525252897,0.0077213994263,0.0444834051432,0.0680131512123,4.12175798524,intermedia
dulce,GC3,feature,num_emergencias_lag3,0.0375947558241,0.0336501851826,0.0109966757709,0.0241478759209,0.057581092893,5.61347584934,altamente variable
dulce,GC3,feature,num_emergencias_lag6,0.0364093720827,0.0377649842525,0.0079057453768,0.0267730370392,0.0484391241256,3.83115880352,intermedia
dulce,GC3,feature,personas_afectadas_lag1,0.0542365019449,0.0528821239573,0.0109493814946,0.0422830597962,0.0731709517763,6.78314905565,altamente variable
dulce,GC3,feature,personas_afectadas_lag3,0.0508086346484,0.049535940509,0.0146569370731,0.032354614343,0.0821869849411,7.70569774763,altamente variable
dulce,GC3,feature,personas_afectadas_lag6,0.0364653409528,0.0334762824207,0.0118690142407,0.0190068039279,0.061334933603,6.56251984124,altamente variable
dulce,GC3,feature,personas_damnificadas_lag1,0.0408478398909,0.040623392225,0.00800123469831,0.0284255924083,0.0519513196034,6.1064628787,altamente variable
dulce,GC3,feature,personas_damnificadas_lag3,0.0550551960327,0.0561385540655,0.0117054733038,0.0340466704777,0.0674594530791,8.29725523559,altamente variable
dulce,GC3,feature,personas_damnificadas_lag6,0.0369824307934,0.0365035468629,0.00915015250862,0.0214577338295,0.0520865103654,4.81779110289,intermedia
dulce,GC3,feature,hectareas_cultivo_perdidas_lag1,0.0329259408046,0.03051959875,0.00994137719117,0.0208639266329,0.0450204724767,5.08265022733,altamente variable
dulce,GC3,feature,hectareas_cultivo_perdidas_lag3,0.0413498829517,0.0386094511036,0.00833643817516,0.0332772165082,0.0593734874501,6.37791327769,altamente variable
dulce,GC3,feature,hectareas_cultivo_perdidas_lag6,0.0346960775175,0.0353136321563,0.00929020851515,0.0177881127927,0.0492198664889,4.47710223743,intermedia
dulce,GC3,feature,hectareas_cultivo_afectadas_lag1,0.0363732888211,0.0391073439023,0.00939455893987,0.0230434314058,0.0510765960181,5.92921205183,altamente variable
dulce,GC3,feature,hectareas_cultivo_afectadas_lag3,0.0310427177476,0.0272276248115,0.0105144455756,0.016985046539,0.0497569638211,5.64604089409,altamente variable
dulce,GC3,feature,hectareas_cultivo_afectadas_lag6,0.0382347819773,0.0358834853938,0.00783793463023,0.0297663995051,0.0526948448689,5.86515131945,altamente variable
dulce,GE,grupo,INDECI,0.56348244216,0.555614613866,0.102795731274,0.408904052358,0.714412087051,0,relativamente estable
dulce,GE,grupo,NASA/clima,0.800883492345,0.782722201474,0.0910017062533,0.648289425412,0.928214703186,0,relativamente estable
dulce,GE,grupo,NLP,0.178589030696,0.178069814035,0.0123129497298,0.154639924522,0.20179102022,0.316227766017,relativamente estable
dulce,GE,grupo,produccion historica,0.3191407145,0.30742831472,0.0300496916494,0.288103551452,0.370682572091,0,relativamente estable
dulce,GE,grupo,temporalidad,0.206312855046,0.206348970991,0.022147483386,0.164805908476,0.238785509337,0.316227766017,relativamente estable
dulce,GE,feature,produccion_t_dulce,0.053004105394,0.0518751939111,0.0131156268325,0.0334362158219,0.0766684113367,7.82872204698,altamente variable
dulce,GE,feature,produccion_t_dulce_lag1,0.0927013566616,0.0910498437994,0.0160368324416,0.0705341191094,0.11711103913,1.70293863659,relativamente estable
dulce,GE,feature,produccion_t_dulce_lag3,0.09024415557,0.0901647727305,0.0196776265594,0.0617944275311,0.116821986631,4.94862494931,intermedia
dulce,GE,feature,produccion_t_dulce_lag6,0.0831910968742,0.0865444100064,0.0153614591267,0.0531769133416,0.105513122008,4.05654478042,intermedia
dulce,GE,feature,mes_sin,0.0451530413117,0.0451819886464,0.00967706726613,0.029915030131,0.0659168158087,6.65415492589,altamente variable
dulce,GE,feature,mes_cos,0.0790735711919,0.0786552977972,0.0150184060876,0.0465265812273,0.104926854614,4.4671641514,intermedia
dulce,GE,feature,t_index,0.0820862425425,0.0809897485683,0.0138619068484,0.0646188142738,0.105868774955,3.24722103412,intermedia
dulce,GE,feature,T2M_lag1,0.0634646379004,0.0642664300235,0.011595681534,0.0422793447869,0.0789149188931,6.01479656994,altamente variable
dulce,GE,feature,T2M_lag3,0.0451246432943,0.0419336253806,0.0112971895472,0.0309086771726,0.0726717054776,7.21187292672,altamente variable
dulce,GE,feature,T2M_lag6,0.0770316988533,0.0742681782466,0.0156943613372,0.0467581335445,0.108993562052,4.1419265512,intermedia
dulce,GE,feature,T2M_MAX_lag1,0.0691401898381,0.0717481323296,0.00837397581207,0.055443381368,0.0823266568591,4.91709037722,intermedia
dulce,GE,feature,T2M_MAX_lag3,0.0561211406261,0.0585445563465,0.0114152616693,0.0405806916733,0.0735972673201,6.22182538417,altamente variable
dulce,GE,feature,T2M_MAX_lag6,0.0415068589843,0.0383987391902,0.00944287713384,0.0330211385929,0.060522903285,5.7008771255,altamente variable
dulce,GE,feature,WS2M_lag1,0.0684168608319,0.0672283479837,0.0122847615572,0.0449646660156,0.0914510264301,5.04314716554,altamente variable
dulce,GE,feature,WS2M_lag3,0.059062740903,0.0579268908968,0.00795594424997,0.0459484674048,0.0725091978487,5.7008771255,altamente variable
dulce,GE,feature,WS2M_lag6,0.0494699568464,0.0495539815034,0.0129767074145,0.0331025362396,0.0709798169757,8.30060238778,altamente variable
dulce,GE,feature,PRECTOTCORR_lag1,0.0349607102851,0.0306121593915,0.0117995594571,0.0234879215132,0.0564005809993,7.67680489093,altamente variable
dulce,GE,feature,PRECTOTCORR_lag3,0.0550645087173,0.0560761977993,0.0101243112464,0.0379734425308,0.0672084084178,5.08155706671,altamente variable
dulce,GE,feature,PRECTOTCORR_lag6,0.056640377893,0.0557922755345,0.00741329353656,0.0476468463354,0.0689420543643,3.66515120197,intermedia
dulce,GE,feature,RH2M_lag1,0.0464705016279,0.046377918409,0.0135635280155,0.0270989761865,0.0706435775437,8.03395571586,altamente variable
dulce,GE,feature,RH2M_lag3,0.0315527953588,0.0295295988476,0.00915911675568,0.0205949009414,0.0485999380183,4.59951688284,intermedia
dulce,GE,feature,RH2M_lag6,0.0468558703855,0.0487130525246,0.00960279413242,0.0261107516368,0.0616339408887,6.47130417905,altamente variable
dulce,GE,feature,num_emergencias_lag1,0.0470709261179,0.0460888363467,0.00732408010195,0.0373839353216,0.0586788690677,4.0221608344,intermedia
dulce,GE,feature,num_emergencias_lag3,0.0369383035454,0.0360609345522,0.0111341626889,0.0193732256492,0.0575877586275,8.14861951499,altamente variable
dulce,GE,feature,num_emergencias_lag6,0.034545161656,0.0374838464841,0.0104217191736,0.0217615986716,0.0482883630147,7.97844317869,altamente variable
dulce,GE,feature,personas_afectadas_lag1,0.0480057873122,0.0507472390653,0.0142028483566,0.0205637458527,0.0697088247157,9.87983355685,altamente variable
dulce,GE,feature,personas_afectadas_lag3,0.0442871876936,0.0402410693805,0.0106354830578,0.0325063124794,0.0599859022601,6.14636297153,altamente variable
dulce,GE,feature,personas_afectadas_lag6,0.0348689574048,0.0340295250912,0.0121900407953,0.0132685105142,0.0581257378456,8.28988674363,altamente variable
dulce,GE,feature,personas_damnificadas_lag1,0.0375048686484,0.035228237193,0.0108835176014,0.021801122373,0.0569071811299,9.3600807214,altamente variable
dulce,GE,feature,personas_damnificadas_lag3,0.0492739380278,0.0482636495188,0.0141641651389,0.0213563176609,0.0671816474319,9.93087217832,altamente variable
dulce,GE,feature,personas_damnificadas_lag6,0.0337304697375,0.0332092621786,0.00679621791518,0.0213916371954,0.0420472215915,5.4211519891,altamente variable
dulce,GE,feature,hectareas_cultivo_perdidas_lag1,0.0311133149963,0.0311357400392,0.0100781067064,0.0131446456796,0.0448761028324,8.12403840464,altamente variable
dulce,GE,feature,hectareas_cultivo_perdidas_lag3,0.0354283097479,0.0324674229081,0.00943110065785,0.0263771627891,0.052539882705,9.23820569399,altamente variable
dulce,GE,feature,hectareas_cultivo_perdidas_lag6,0.0336313334054,0.0345771471397,0.00685073664541,0.0219766462345,0.0437432530514,6.57351588658,altamente variable
dulce,GE,feature,hectareas_cultivo_afectadas_lag1,0.0344231569111,0.0348974380721,0.00666482302122,0.0223799680097,0.0419813796112,5.83190458693,altamente variable
dulce,GE,feature,hectareas_cultivo_afectadas_lag3,0.0282260082323,0.0272042021737,0.00854087913137,0.0139927421628,0.0433081277757,6.8871861695,altamente variable
dulce,GE,feature,hectareas_cultivo_afectadas_lag6,0.0344347187237,0.035432752522,0.00812278757198,0.0230648447612,0.047739324019,7.87471339866,altamente variable
dulce,GE,feature,avg_sentiment_lag1,0.0321486672395,0.0326130561343,0.00777580216193,0.022485344466,0.045334642372,7.10242525089,altamente variable
dulce,GE,feature,avg_sentiment_lag3,0.0288869745492,0.0302357276681,0.00593159275519,0.0169563485857,0.0347279383345,7.29078566106,altamente variable
dulce,GE,feature,avg_sentiment_lag6,0.027343630086,0.0272074814115,0.00570516550204,0.015858038006,0.0390133429585,5.18116246073,altamente variable
dulce,GE,feature,n_noticias_lag1,0.0329550889087,0.0313184082569,0.00648198502567,0.0251939755504,0.046781607067,6.85484419144,altamente variable
dulce,GE,feature,n_noticias_lag3,0.0302166499934,0.0301156722404,0.00654443886812,0.0202210628578,0.0398791946465,7.34014834849,altamente variable
dulce,GE,feature,n_noticias_lag6,0.0270380199187,0.0285096322125,0.00652430024702,0.0157832628253,0.0386452704737,6.64997911442,altamente variable
dulce,XGBoost,grupo,INDECI,0.132960867083,0.132472936153,0.00709270300476,0.119470916562,0.146263553418,0,relativamente estable
dulce,XGBoost,grupo,NASA/clima,0.31637340684,0.314380284268,0.0315027079002,0.245022046103,0.359171095119,0,relativamente estable
dulce,XGBoost,grupo,produccion historica,0.444232217623,0.445457574831,0.03316750554,0.398881534158,0.508500954534,0.516397779494,relativamente estable
dulce,XGBoost,grupo,temporalidad,0.438671764433,0.437548866699,0.0447732138546,0.382830346808,0.530285819609,0.516397779494,relativamente estable
dulce,XGBoost,feature,produccion_t_dulce,0.210127697649,0.210453090963,0.0146268511165,0.18644722803,0.234646184308,0,relativamente estable
dulce,XGBoost,feature,produccion_t_dulce_lag1,0.0294381967515,0.0292858990149,0.0104203805438,0.0137520364782,0.051613679793,2.78088714862,intermedia
dulce,XGBoost,feature,produccion_t_dulce_lag3,0.0493597975819,0.0408340873991,0.0155218870473,0.0333958608262,0.0716012976748,0.966091783079,relativamente estable
dulce,XGBoost,feature,produccion_t_dulce_lag6,0.155306525641,0.152266124183,0.0177069054642,0.136228285852,0.187863621095,0.316227766017,relativamente estable
dulce,XGBoost,feature,mes_sin,0.421590485777,0.418893505486,0.0411807711174,0.374522708072,0.51141332312,0,relativamente estable
dulce,XGBoost,feature,mes_cos,0.00701777758403,0.00683371880768,0.00461027866298,0.00115070432184,0.0177666757878,6.96738433305,altamente variable
dulce,XGBoost,feature,t_index,0.0100635010725,0.0103665343716,0.00212925823619,0.00662904418217,0.0127863246081,2.31180545125,intermedia
dulce,XGBoost,feature,T2M_lag1,0.0128094656282,0.0121901066627,0.00523357028564,0.00427937796546,0.021780089953,5.56676646617,altamente variable
dulce,XGBoost,feature,T2M_lag3,0.0131111107099,0.0139563563044,0.00335577335109,0.00630730087611,0.0169333936738,3.09120616517,intermedia
dulce,XGBoost,feature,T2M_lag6,0.0115524777255,0.0104474857941,0.00571982559333,0.00577529599286,0.0217511630441,6.36396103068,altamente variable
dulce,XGBoost,feature,T2M_MAX_lag1,0.00920830273106,0.00771080371434,0.00405073722597,0.00418003127394,0.0166196260053,5.26624470884,altamente variable
dulce,XGBoost,feature,T2M_MAX_lag3,0.00540220668527,0.00546689566386,0.0017118965713,0.0019574032655,0.00740127376988,4.74224513167,intermedia
dulce,XGBoost,feature,T2M_MAX_lag6,0.0436298929119,0.0436284703125,0.00727218298249,0.0304326098524,0.0538562388048,0.666666666667,relativamente estable
dulce,XGBoost,feature,WS2M_lag1,0.00398340884209,0.00393520265663,0.00146190578681,0.00129098550133,0.006757126087,3.90014244754,intermedia
dulce,XGBoost,feature,WS2M_lag3,0.01471287904,0.0155339072099,0.00579103318052,0.00519131346452,0.0260366270108,5.29674952736,altamente variable
dulce,XGBoost,feature,WS2M_lag6,0.00397711450514,0.00378550164911,0.00206881454651,0.000712559744746,0.00706560527882,4.71522357194,intermedia
dulce,XGBoost,feature,PRECTOTCORR_lag1,0.0076469796478,0.00472542112705,0.00756610996863,0.000891701464601,0.0244245021977,9.29814796374,altamente variable
dulce,XGBoost,feature,PRECTOTCORR_lag3,0.00985486784563,0.00855242508002,0.00550192536821,0.004203469752,0.0229377540718,6.60723509159,altamente variable
dulce,XGBoost,feature,PRECTOTCORR_lag6,0.0218366373157,0.0227514453854,0.00359227182905,0.0170091064753,0.0267769569241,2.00277585144,intermedia
dulce,XGBoost,feature,RH2M_lag1,0.121253301332,0.122330846267,0.0300927874008,0.0682078724015,0.17117550593,0.316227766017,relativamente estable
dulce,XGBoost,feature,RH2M_lag3,0.0117724513811,0.0122947203684,0.00614676000856,0.00148549639168,0.0215063347811,8.55375161357,altamente variable
dulce,XGBoost,feature,RH2M_lag6,0.0256223105388,0.0258272939396,0.00449639415094,0.0185533682042,0.0332081064699,1.490711985,relativamente estable
dulce,XGBoost,feature,num_emergencias_lag1,0.00688569824694,0.00746120642013,0.00300279374137,0.00201751303121,0.0116654055328,5.82046199006,altamente variable
dulce,XGBoost,feature,num_emergencias_lag3,0.019681071713,0.0188925818505,0.00228153218609,0.0169185779215,0.0236707855829,1.05934990547,relativamente estable
dulce,XGBoost,feature,num_emergencias_lag6,0.00761096949479,0.00737181621048,0.0034548395889,0.00331157276999,0.0146547933858,6.37791327769,altamente variable
dulce,XGBoost,feature,personas_afectadas_lag1,0.00464063128187,0.00362385334181,0.00377163073598,0.00164142661455,0.0145281414577,6.53282310933,altamente variable
dulce,XGBoost,feature,personas_afectadas_lag3,0.00518186300802,0.00546929849376,0.00117461994584,0.00336893050053,0.00648338159128,3.73571352697,intermedia
dulce,XGBoost,feature,personas_afectadas_lag6,0.0164160347999,0.0158872665897,0.00349954170493,0.0110147835649,0.0225917688407,2.20100986923,intermedia
dulce,XGBoost,feature,personas_damnificadas_lag1,0.00591767287336,0.00554540863423,0.00272192208677,0.00208842516319,0.0101632357551,5.53373492519,altamente variable
dulce,XGBoost,feature,personas_damnificadas_lag3,0.00191489092346,0.00162378509261,0.00132025954923,0.000541403134775,0.00485550603116,1.94650684275,intermedia
dulce,XGBoost,feature,personas_damnificadas_lag6,0.00618454787793,0.00626311544465,0.00118513535856,0.00441432407162,0.00787671820823,2.62678510731,intermedia
dulce,XGBoost,feature,hectareas_cultivo_perdidas_lag1,0.00831218398841,0.00802532094463,0.00175882854429,0.00635323020924,0.0120541277052,3.39280284,intermedia
dulce,XGBoost,feature,hectareas_cultivo_perdidas_lag3,0.0325181370562,0.0338782570798,0.0041869816446,0.0233595584057,0.0366687384292,1.15950180873,relativamente estable
dulce,XGBoost,feature,hectareas_cultivo_perdidas_lag6,0.00342265463891,0.00333100741375,0.00147711183068,0.00152754123458,0.00634253988725,2.98886823619,intermedia
dulce,XGBoost,feature,hectareas_cultivo_afectadas_lag1,0.0049758125503,0.0048233382344,0.00173432153897,0.00251618757981,0.00845690159395,4.30116263352,intermedia
dulce,XGBoost,feature,hectareas_cultivo_afectadas_lag3,0.00676392216236,0.00716973904556,0.00143145630389,0.00456082605259,0.00860043969654,3.84274207652,intermedia
dulce,XGBoost,feature,hectareas_cultivo_afectadas_lag6,0.00253477646764,0.00277790766048,0.000999084135672,0.000975929447425,0.00405959012005,1.93218356616,relativamente estable
