epoch,loss,val_loss,mae,val_mae,learning_rate
1,0.9770563840866089,1.2246986627578735,0.8432629704475403,0.9499446749687195,0.0010000000474974513
2,0.8733801245689392,1.1462936401367188,0.8010987639427185,0.9144088625907898,0.0010000000474974513
3,0.7556838393211365,1.0509980916976929,0.7376660108566284,0.8636713027954102,0.0010000000474974513
4,0.6813991665840149,0.9607434272766113,0.6965844631195068,0.8163013458251953,0.0010000000474974513
5,0.5428913235664368,0.8720500469207764,0.6031737327575684,0.7598889470100403,0.0010000000474974513
6,0.4633944034576416,0.768939197063446,0.5480467677116394,0.6905829310417175,0.0010000000474974513
7,0.32433032989501953,0.6494197249412537,0.4410717785358429,0.6196836829185486,0.0010000000474974513
8,0.29597097635269165,0.5280447602272034,0.42763686180114746,0.5448350310325623,0.0010000000474974513
9,0.20938412845134735,0.40974149107933044,0.3517141044139862,0.477189302444458,0.0010000000474974513
10,0.19718949496746063,0.33514079451560974,0.3591589629650116,0.44623860716819763,0.0010000000474974513
11,0.1505737155675888,0.2808532416820526,0.3063203692436218,0.42430877685546875,0.0010000000474974513
12,0.11109265685081482,0.25023898482322693,0.25704261660575867,0.4089730679988861,0.0010000000474974513
13,0.12029895186424255,0.23172295093536377,0.2834583520889282,0.3956174850463867,0.0010000000474974513
14,0.09492237120866776,0.21254472434520721,0.23279282450675964,0.3791947364807129,0.0010000000474974513
15,0.0978643000125885,0.205486461520195,0.24641887843608856,0.3715403079986572,0.0010000000474974513
16,0.10287555307149887,0.18238361179828644,0.24020828306674957,0.3579845130443573,0.0010000000474974513
17,0.0958695039153099,0.18428675830364227,0.2399415522813797,0.35987114906311035,0.0010000000474974513
18,0.10872513055801392,0.20285987854003906,0.25248849391937256,0.37425363063812256,0.0010000000474974513
19,0.10311354696750641,0.2111939936876297,0.2287023812532425,0.3746148347854614,0.0010000000474974513
20,0.07859278470277786,0.18396079540252686,0.21785175800323486,0.35493040084838867,0.0010000000474974513
21,0.05829087272286415,0.18097394704818726,0.18437275290489197,0.34450340270996094,0.0010000000474974513
22,0.07967112213373184,0.15952418744564056,0.22965587675571442,0.3334432542324066,0.0010000000474974513
23,0.06828083842992783,0.16691458225250244,0.19757387042045593,0.34212517738342285,0.0010000000474974513
24,0.08044029027223587,0.18091683089733124,0.22400696575641632,0.34795618057250977,0.0010000000474974513
25,0.08219233900308609,0.1730937957763672,0.2112760990858078,0.3360138237476349,0.0010000000474974513
26,0.08064225316047668,0.175055131316185,0.22358408570289612,0.3386240005493164,0.0010000000474974513
27,0.06433166563510895,0.15514956414699554,0.1981692761182785,0.3188812732696533,0.0010000000474974513
28,0.08173549175262451,0.151560440659523,0.22759731113910675,0.3118884265422821,0.0010000000474974513
29,0.06352266669273376,0.14447899162769318,0.20016683638095856,0.30242329835891724,0.0010000000474974513
30,0.05646376311779022,0.14982062578201294,0.18839915096759796,0.3073892295360565,0.0010000000474974513
31,0.05380634963512421,0.16637445986270905,0.17514142394065857,0.3240852952003479,0.0010000000474974513
32,0.05519947409629822,0.1751127392053604,0.18330363929271698,0.33383941650390625,0.0010000000474974513
33,0.052666131407022476,0.16882963478565216,0.18405401706695557,0.3277031183242798,0.0010000000474974513
34,0.06008164584636688,0.15515844523906708,0.18528008460998535,0.3121950924396515,0.0010000000474974513
35,0.06178979203104973,0.15662893652915955,0.179387629032135,0.31423118710517883,0.0010000000474974513
36,0.052353065460920334,0.17303644120693207,0.18174564838409424,0.32608193159103394,0.0010000000474974513
37,0.055014718323946,0.1522168070077896,0.17848540842533112,0.30740299820899963,0.0005000000237487257
38,0.06039926037192345,0.15874773263931274,0.1984388530254364,0.31390824913978577,0.0005000000237487257
39,0.0353640541434288,0.1639048159122467,0.15204699337482452,0.319078654050827,0.0005000000237487257
40,0.04630128666758537,0.16265617311000824,0.16380122303962708,0.31448057293891907,0.0005000000237487257
41,0.04105241224169731,0.16256874799728394,0.1611863374710083,0.31170186400413513,0.0005000000237487257
42,0.05597984045743942,0.15803228318691254,0.16095426678657532,0.3086065351963043,0.0005000000237487257
43,0.051465511322021484,0.15312837064266205,0.1733749508857727,0.30419421195983887,0.0005000000237487257
44,0.04313373193144798,0.15525037050247192,0.14660899341106415,0.3071904182434082,0.0005000000237487257
